task_id,user_id,task_type,offloaded,edge_id,arrival_time,finish_time,inter_arrival_ms,latency_ms,waiting_ms,proc_ms,tx_delay_ms,transit_ms,channel_rate_mbps,cycles_total,split_ratio,cycles_local,cycles_edge,local_ratio,edge_ratio,finish_time_edge
1,0,Light,0,-1,0.04,0.34,,300.0,0.0,300.0,0.0,0.0,,300000000.0,0.0,300000000.0,0.0,1.0,0.0,
8,1,Light,0,-1,1.06,1.36,,300.0,0.0,300.0,0.0,0.0,,300000000.0,0.0,300000000.0,0.0,1.0,0.0,
14,2,Light,0,-1,1.52,1.82,,300.0,0.0,300.0,0.0,0.0,,300000000.0,0.0,300000000.0,0.0,1.0,0.0,
21,3,Light,0,-1,1.78,2.08,,300.0,0.0,300.0,0.0,0.0,,300000000.0,0.0,300000000.0,0.0,1.0,0.0,
2,0,Heavy,1,0,0.04,2.14,,2100.0,-100.0,1800.0,99.2,400.0,10.0,2000000000.0,0.1,1800000000.0,200000000.0,0.9,0.1,0.5067
9,1,Heavy,1,0,1.06,2.36,,1300.0,-190.0,1000.0,488.0,490.0,10.0,2000000000.0,0.5,1000000000.0,1000000000.0,0.5,0.5,1.8833
29,4,Light,0,-1,2.13,2.43,,300.0,0.0,300.0,0.0,0.0,,300000000.0,0.0,300000000.0,0.0,1.0,0.0,
36,5,Light,0,-1,2.25,2.55,,300.0,0.0,300.0,0.0,0.0,,300000000.0,0.0,300000000.0,0.0,1.0,0.0,
3,0,Medium,0,-1,0.04,3.14,,3100.0,1800.0,1000.0,0.0,300.0,,1000000000.0,0.0,1000000000.0,0.0,1.0,0.0,
10,1,Medium,0,-1,1.06,3.36,,2300.0,0.0,1000.0,0.0,1300.0,,1000000000.0,0.0,1000000000.0,0.0,1.0,0.0,
44,0,Light,0,-1,2.74,3.44,,700.0,400.0,300.0,0.0,0.0,,300000000.0,0.0,300000000.0,0.0,1.0,0.0,
15,2,Heavy,1,1,1.52,3.62,,2100.0,-100.0,1800.0,99.2,400.0,10.0,2000000000.0,0.1,1800000000.0,200000000.0,0.9,0.1,2.02
22,3,Heavy,1,0,1.78,3.88,,2100.0,-100.0,1800.0,99.2,400.0,10.0,2000000000.0,0.1,1800000000.0,200000000.0,0.9,0.1,2.2467
30,4,Heavy,1,0,2.13,4.23,,2100.0,-100.0,1800.0,99.2,400.0,10.0,2000000000.0,0.1,1800000000.0,200000000.0,0.9,0.1,2.5967
37,5,Heavy,1,1,2.25,4.35,,2100.0,-100.0,1800.0,99.2,400.0,10.0,2000000000.0,0.1,1800000000.0,200000000.0,0.9,0.1,2.75
11,1,Heavy,1,0,1.06,4.36,,3300.0,110.0,1000.0,888.0,2190.0,10.0,2000000000.0,0.5,1000000000.0,1000000000.0,0.5,0.5,3.7667
50,1,Light,1,1,3.03,4.51,,1480.0,1320.0,150.0,6.0,10.0,10.0,300000000.0,0.5,150000000.0,150000000.0,0.5,0.5,3.545
16,2,Medium,0,-1,1.52,4.62,,3100.0,1800.0,1000.0,0.0,300.0,,1000000000.0,0.0,1000000000.0,0.0,1.0,0.0,
45,0,Heavy,1,0,2.74,4.64,,1900.0,300.0,1200.0,390.8,400.0,10.0,2000000000.0,0.4,1200000000.0,800000000.0,0.6,0.4,3.4333
56,2,Light,1,0,3.29,4.82,,1530.0,1320.0,200.0,4.67,10.0,10.0,300000000.0,0.3333,200000000.00000003,100000000.0,0.6667,0.3333,3.8
23,3,Heavy,1,1,1.78,4.88,,3100.0,910.0,1000.0,888.0,1190.0,10.0,2000000000.0,0.5,1000000000.0,1000000000.0,0.5,0.5,3.47
62,3,Light,0,-1,4.52,5.18,,660.0,360.0,300.0,0.0,0.0,,300000000.0,0.0,300000000.0,0.0,1.0,0.0,
31,4,Medium,0,-1,2.13,5.23,,3100.0,1800.0,1000.0,0.0,300.0,,1000000000.0,0.0,1000000000.0,0.0,1.0,0.0,
68,4,Light,0,-1,4.96,5.53,,570.0,270.0,300.0,0.0,0.0,,300000000.0,0.0,300000000.0,0.0,1.0,0.0,
4,0,Heavy,1,1,0.04,5.84,,5800.0,780.0,1200.0,710.8,3820.0,10.0,2000000000.0,0.4,1200000000.0,800000000.0,0.6,0.4,4.26
38,5,Heavy,1,0,2.25,5.85,,3600.0,1350.0,1500.0,445.0,750.0,10.0,2000000000.0,0.25,1500000000.0,500000000.0,0.75,0.25,3.1667
17,2,Heavy,1,0,1.52,6.1533,,4633.33,-400.0,1333.33,592.67,3700.0,10.0,2000000000.0,0.3333,1333333333.3333335,666666666.6666666,0.6667,0.3333,5.4422
51,1,Heavy,1,0,3.03,6.31,,3280.0,-100.0,1800.0,99.2,1580.0,10.0,2000000000.0,0.1,1800000000.0,200000000.0,0.9,0.1,4.6767
63,3,Heavy,1,1,4.52,5.8467,,1863.33,0.0,666.67,650.0,660.0,10.0,2000000000.0,0.6667,666666666.6666667,1333333333.3333333,0.3333,0.6667,6.3833
24,3,Medium,1,1,1.78,6.5133,,4733.33,790.0,673.33,166.0,3270.0,10.0,1000000000.0,0.3333,666666666.6666667,333333333.3333333,0.6667,0.3333,5.2167
39,5,Medium,0,-1,2.25,6.85,,4600.0,0.0,1000.0,0.0,3600.0,,1000000000.0,0.0,1000000000.0,0.0,1.0,0.0,
5,0,Heavy,1,0,0.04,6.9829,,6942.86,2280.0,1142.86,418.57,3520.0,10.0,2000000000.0,0.4286,1142857142.8571427,857142857.1428571,0.5714,0.4286,4.0857
32,4,Heavy,1,1,2.13,7.13,,5000.0,-60.0,1600.0,356.4,3460.0,10.0,2000000000.0,0.2,1600000000.0,400000000.0,0.8,0.2,7.0833
18,2,Heavy,1,1,1.52,7.1533,,5633.33,1040.0,1003.33,488.0,3590.0,10.0,2000000000.0,0.5,1000000000.0,1000000000.0,0.5,0.5,5.7167
52,1,Medium,0,-1,3.03,7.31,,4280.0,1800.0,1000.0,0.0,1480.0,,1000000000.0,0.0,1000000000.0,0.0,1.0,0.0,
46,0,Medium,1,0,2.74,7.5829,,4842.86,2140.0,602.86,198.8,2100.0,10.0,1000000000.0,0.4,600000000.0,400000000.0,0.6,0.4,4.9733
25,3,Heavy,1,0,1.78,7.7633,,5983.33,1260.0,1253.33,366.5,3470.0,10.0,2000000000.0,0.375,1250000000.0,750000000.0,0.625,0.375,5.6922
57,2,Heavy,1,0,3.29,8.3533,,5063.33,1540.0,1203.33,779.6,2320.0,5.0,2000000000.0,0.4,1200000000.0,800000000.0,0.6,0.4,6.2922
64,3,Medium,1,0,4.52,8.3633,,3843.33,970.0,603.33,395.6,2270.0,5.0,1000000000.0,0.4,600000000.0,400000000.0,0.6,0.4,6.9233
40,5,Heavy,1,0,2.25,8.45,,6200.0,800.0,1600.0,196.4,3800.0,10.0,2000000000.0,0.2,1600000000.0,400000000.0,0.8,0.2,6.616
33,4,Heavy,1,0,2.13,8.5586,,6428.57,1620.0,1428.57,279.71,3380.0,10.0,2000000000.0,0.2857,1428571428.5714285,571428571.4285713,0.7143,0.2857,6.0256
47,0,Heavy,1,1,2.74,8.5829,,5842.86,2050.0,1002.86,888.0,2790.0,10.0,2000000000.0,0.5,1000000000.0,1000000000.0,0.5,0.5,6.8833
74,5,Light,0,-1,6.9,8.75,,1850.0,1550.0,300.0,0.0,0.0,,300000000.0,0.0,300000000.0,0.0,1.0,0.0,
58,2,Medium,1,0,3.29,8.9248,,5634.76,3090.0,574.76,423.71,1970.0,5.0,1000000000.0,0.4286,571428571.4285713,428571428.57142854,0.5714,0.4286,5.8351
53,1,Heavy,1,1,3.03,9.11,,6080.0,-180.0,1800.0,179.2,4460.0,10.0,2000000000.0,0.1,1800000000.0,200000000.0,0.9,0.1,7.59
65,3,Heavy,1,0,4.52,9.5062,,4986.19,440.0,1146.19,1520.86,3400.0,5.0,2000000000.0,0.4286,1142857142.8571427,857142857.1428571,0.5714,0.4286,8.2057
41,5,Heavy,1,0,2.25,9.75,,7500.0,-190.0,1000.0,488.0,6690.0,10.0,2000000000.0,0.5,1000000000.0,1000000000.0,0.5,0.5,9.2733
69,4,Heavy,1,0,4.96,9.9871,,5027.14,2740.0,1437.14,279.71,850.0,10.0,2000000000.0,0.2857,1428571428.5714285,571428571.4285713,0.7143,0.2857,6.4827
80,0,Light,0,-1,9.82,10.12,,300.0,0.0,300.0,0.0,0.0,,300000000.0,0.0,300000000.0,0.0,1.0,0.0,
26,3,Heavy,1,1,1.78,10.1729,,8392.86,1070.0,672.86,650.0,6650.0,10.0,2000000000.0,0.6667,666666666.6666667,1333333333.3333333,0.3333,0.6667,9.0967
88,1,Light,0,-1,10.13,10.43,,300.0,0.0,300.0,0.0,0.0,,300000000.0,0.0,300000000.0,0.0,1.0,0.0,
70,4,Medium,1,1,4.96,10.6121,,5652.14,4260.0,632.14,186.5,760.0,10.0,1000000000.0,0.375,625000000.0,375000000.0,0.625,0.375,7.2708
59,2,Heavy,1,0,3.29,10.73,,7440.0,-180.0,1800.0,179.2,5820.0,10.0,2000000000.0,0.1,1800000000.0,200000000.0,0.9,0.1,9.5622
96,2,Light,0,-1,10.79,11.09,,300.0,0.0,300.0,0.0,0.0,,300000000.0,0.0,300000000.0,0.0,1.0,0.0,
75,5,Heavy,1,0,6.9,11.0833,,4183.33,670.0,1333.33,326.0,2180.0,10.0,2000000000.0,0.3333,1333333333.3333335,666666666.6666666,0.6667,0.3333,9.4956
103,3,Light,0,-1,11.02,11.32,,300.0,0.0,300.0,0.0,0.0,,300000000.0,0.0,300000000.0,0.0,1.0,0.0,
76,5,Medium,1,1,6.9,11.5833,,4683.33,2080.0,503.33,248.0,2100.0,10.0,1000000000.0,0.5,500000000.0,500000000.0,0.5,0.5,9.3467
81,0,Heavy,1,0,9.82,11.92,,2100.0,-100.0,1800.0,99.2,400.0,10.0,2000000000.0,0.1,1800000000.0,200000000.0,0.9,0.1,10.2867
89,1,Heavy,1,0,10.13,12.23,,2100.0,-200.0,1800.0,196.4,500.0,5.0,2000000000.0,0.1,1800000000.0,200000000.0,0.9,0.1,10.6967
71,4,Heavy,1,1,4.96,12.42,,7460.0,-180.0,1800.0,179.2,5840.0,10.0,2000000000.0,0.1,1800000000.0,200000000.0,0.9,0.1,10.9
109,4,Light,0,-1,12.49,12.79,,300.0,0.0,300.0,0.0,0.0,,300000000.0,0.0,300000000.0,0.0,1.0,0.0,
97,2,Heavy,1,0,10.79,12.89,,2100.0,-100.0,1800.0,99.2,400.0,10.0,2000000000.0,0.1,1800000000.0,200000000.0,0.9,0.1,11.2567
82,0,Heavy,1,1,9.82,12.92,,3100.0,910.0,1000.0,888.0,1190.0,10.0,2000000000.0,0.5,1000000000.0,1000000000.0,0.5,0.5,11.51
104,3,Heavy,1,0,11.02,13.12,,2100.0,-100.0,1800.0,99.2,400.0,10.0,2000000000.0,0.1,1800000000.0,200000000.0,0.9,0.1,11.4867
77,5,Heavy,1,1,6.9,13.39,,6490.0,-180.0,1800.0,179.2,4870.0,10.0,2000000000.0,0.1,1800000000.0,200000000.0,0.9,0.1,11.87
90,1,Heavy,1,0,10.13,13.5633,,3433.33,610.0,1333.33,1183.33,1490.0,5.0,2000000000.0,0.3333,1333333333.3333335,666666666.6666666,0.6667,0.3333,11.8422
115,5,Light,0,-1,13.11,13.69,,580.0,280.0,300.0,0.0,0.0,,300000000.0,0.0,300000000.0,0.0,1.0,0.0,
127,1,Light,0,-1,13.37,13.8633,,493.33,190.0,303.33,0.0,0.0,,300000000.0,0.0,300000000.0,0.0,1.0,0.0,
98,2,Medium,0,-1,10.79,13.89,,3100.0,1800.0,1000.0,0.0,300.0,,1000000000.0,0.0,1000000000.0,0.0,1.0,0.0,
83,0,Medium,0,-1,9.82,13.92,,4100.0,0.0,1000.0,0.0,3100.0,,1000000000.0,0.0,1000000000.0,0.0,1.0,0.0,
105,3,Medium,0,-1,11.02,14.12,,3100.0,1800.0,1000.0,0.0,300.0,,1000000000.0,0.0,1000000000.0,0.0,1.0,0.0,
116,5,Heavy,1,0,13.11,14.3567,,1246.67,-80.0,666.67,650.0,660.0,10.0,2000000000.0,0.6667,666666666.6666667,1333333333.3333333,0.3333,0.6667,14.2144
110,4,Heavy,1,0,12.49,14.59,,2100.0,-100.0,1800.0,99.2,400.0,10.0,2000000000.0,0.1,1800000000.0,200000000.0,0.9,0.1,12.9567
91,1,Medium,0,-1,10.13,14.8633,,4733.33,290.0,1003.33,0.0,3440.0,,1000000000.0,0.0,1000000000.0,0.0,1.0,0.0,
84,0,Heavy,1,1,9.82,14.92,,5100.0,510.0,1000.0,488.0,3590.0,10.0,2000000000.0,0.5,1000000000.0,1000000000.0,0.5,0.5,13.91
121,0,Light,1,0,13.15,15.07,,1920.0,1760.0,150.0,6.0,10.0,10.0,300000000.0,0.5,150000000.0,150000000.0,0.5,0.5,13.21
117,5,Medium,0,-1,13.11,15.36,,2250.0,0.0,1000.0,0.0,1250.0,,1000000000.0,0.0,1000000000.0,0.0,1.0,0.0,
111,4,Medium,0,-1,12.49,15.59,,3100.0,1800.0,1000.0,0.0,300.0,,1000000000.0,0.0,1000000000.0,0.0,1.0,0.0,
99,2,Heavy,1,1,10.79,15.69,,4900.0,-180.0,1800.0,179.2,3280.0,10.0,2000000000.0,0.1,1800000000.0,200000000.0,0.9,0.1,14.17
92,1,Heavy,1,0,10.13,15.8633,,5733.33,800.0,1003.33,488.0,3930.0,10.0,2000000000.0,0.5,1000000000.0,1000000000.0,0.5,0.5,14.5478
106,3,Heavy,1,1,11.02,15.92,,4900.0,-180.0,1800.0,179.2,3280.0,10.0,2000000000.0,0.1,1800000000.0,200000000.0,0.9,0.1,14.4
85,0,Heavy,1,0,9.82,16.07,,6250.0,-340.0,1000.0,488.0,5590.0,10.0,2000000000.0,0.5,1000000000.0,1000000000.0,0.5,0.5,15.9556
140,3,Light,0,-1,14.47,16.22,,1750.0,1450.0,300.0,0.0,0.0,,300000000.0,0.0,300000000.0,0.0,1.0,0.0,
118,5,Heavy,1,1,13.11,16.86,,3750.0,550.0,1500.0,445.0,1700.0,10.0,2000000000.0,0.25,1500000000.0,500000000.0,0.75,0.25,15.15
128,1,Heavy,1,1,13.37,16.8633,,3493.33,1500.0,1003.33,488.0,990.0,10.0,2000000000.0,0.5,1000000000.0,1000000000.0,0.5,0.5,14.9
100,2,Heavy,1,0,10.79,17.29,,6500.0,1600.0,1600.0,196.4,3300.0,10.0,2000000000.0,0.2,1600000000.0,400000000.0,0.8,0.2,14.6811
129,1,Medium,1,0,13.37,17.3633,,3993.33,2740.0,503.33,248.0,750.0,10.0,1000000000.0,0.5,500000000.0,500000000.0,0.5,0.5,14.8478
112,4,Heavy,1,1,12.49,17.39,,4900.0,-180.0,1800.0,179.2,3280.0,10.0,2000000000.0,0.1,1800000000.0,200000000.0,0.9,0.1,15.87
122,0,Heavy,1,0,13.15,17.4033,,4253.33,670.0,1333.33,326.0,2250.0,10.0,2000000000.0,0.3333,1333333333.3333335,666666666.6666666,0.6667,0.3333,15.6222
133,2,Light,1,1,14.0,17.47,,3470.0,3280.0,180.0,5.2,10.0,10.0,300000000.0,0.4,180000000.0,120000000.0,0.6,0.4,14.07
148,4,Light,0,-1,17.11,17.69,,580.0,280.0,300.0,0.0,0.0,,300000000.0,0.0,300000000.0,0.0,1.0,0.0,
154,5,Light,0,-1,17.49,17.79,,300.0,0.0,300.0,0.0,0.0,,300000000.0,0.0,300000000.0,0.0,1.0,0.0,
123,0,Medium,1,1,13.15,17.9033,,4753.33,2080.0,503.33,248.0,2170.0,10.0,1000000000.0,0.5,500000000.0,500000000.0,0.5,0.5,15.57
141,3,Heavy,1,0,14.47,18.02,,3550.0,-200.0,1800.0,196.4,1950.0,5.0,2000000000.0,0.1,1800000000.0,200000000.0,0.9,0.1,16.4867
93,1,Heavy,1,1,10.13,18.03,,7900.0,840.0,670.0,650.0,6390.0,10.0,2000000000.0,0.6667,666666666.6666667,1333333333.3333333,0.3333,0.6667,17.1867
149,4,Heavy,1,0,17.11,18.69,,1580.0,90.0,1000.0,488.0,490.0,10.0,2000000000.0,0.5,1000000000.0,1000000000.0,0.5,0.5,17.9656
130,1,Heavy,1,1,13.37,19.03,,5660.0,-230.0,1000.0,888.0,4890.0,10.0,2000000000.0,0.5,1000000000.0,1000000000.0,0.5,0.5,18.76
134,2,Heavy,1,1,14.0,19.27,,5270.0,-100.0,1800.0,99.2,3570.0,10.0,2000000000.0,0.1,1800000000.0,200000000.0,0.9,0.1,17.67
142,3,Heavy,1,0,14.47,19.3533,,4883.33,610.0,1333.33,1183.33,2940.0,5.0,2000000000.0,0.3333,1333333333.3333335,666666666.6666666,0.6667,0.3333,17.6322
155,5,Heavy,1,0,17.49,19.59,,2100.0,-100.0,1800.0,99.2,400.0,10.0,2000000000.0,0.1,1800000000.0,200000000.0,0.9,0.1,18.0322
150,4,Medium,0,-1,17.11,19.69,,2580.0,0.0,1000.0,0.0,1580.0,,1000000000.0,0.0,1000000000.0,0.0,1.0,0.0,
124,0,Heavy,1,1,13.15,19.71,,6560.0,-180.0,1800.0,179.2,4940.0,10.0,2000000000.0,0.1,1800000000.0,200000000.0,0.9,0.1,18.19
167,1,Light,0,-1,19.57,19.87,,300.0,0.0,300.0,0.0,0.0,,300000000.0,0.0,300000000.0,0.0,1.0,0.0,
160,0,Light,0,-1,17.94,20.01,,2070.0,1770.0,300.0,0.0,0.0,,300000000.0,0.0,300000000.0,0.0,1.0,0.0,
135,2,Medium,0,-1,14.0,20.27,,6270.0,1800.0,1000.0,0.0,3470.0,,1000000000.0,0.0,1000000000.0,0.0,1.0,0.0,
143,3,Medium,0,-1,14.47,20.36,,5890.0,0.0,1000.0,0.0,4890.0,,1000000000.0,0.0,1000000000.0,0.0,1.0,0.0,
174,2,Light,0,-1,19.59,20.57,,980.0,680.0,300.0,0.0,0.0,,300000000.0,0.0,300000000.0,0.0,1.0,0.0,
156,5,Medium,0,-1,17.49,20.59,,3100.0,1800.0,1000.0,0.0,300.0,,1000000000.0,0.0,1000000000.0,0.0,1.0,0.0,
151,4,Heavy,1,0,17.11,20.69,,3580.0,110.0,1000.0,888.0,2470.0,10.0,2000000000.0,0.5,1000000000.0,1000000000.0,0.5,0.5,19.9133
196,5,Light,0,-1,20.19,20.89,,700.0,400.0,300.0,0.0,0.0,,300000000.0,0.0,300000000.0,0.0,1.0,0.0,
189,4,Light,0,-1,19.77,20.99,,1220.0,920.0,300.0,0.0,0.0,,300000000.0,0.0,300000000.0,0.0,1.0,0.0,
144,3,Heavy,1,1,14.47,21.36,,6890.0,510.0,1000.0,488.0,5380.0,10.0,2000000000.0,0.5,1000000000.0,1000000000.0,0.5,0.5,20.35
182,3,Light,1,0,19.68,21.51,,1830.0,1670.0,150.0,6.0,10.0,10.0,300000000.0,0.5,150000000.0,150000000.0,0.5,0.5,19.9633
168,1,Heavy,1,1,19.57,21.67,,2100.0,-100.0,1800.0,99.2,400.0,10.0,2000000000.0,0.1,1800000000.0,200000000.0,0.9,0.1,20.45
161,0,Heavy,1,0,17.94,21.81,,3870.0,-100.0,1800.0,99.2,2170.0,10.0,2000000000.0,0.1,1800000000.0,200000000.0,0.9,0.1,20.1767
157,5,Heavy,1,0,17.49,22.39,,4900.0,-150.0,1500.0,445.0,3550.0,10.0,2000000000.0,0.25,1500000000.0,500000000.0,0.75,0.25,21.2067
137,2,Heavy,1,0,14.0,22.57,,8570.0,320.0,1000.0,974.0,7250.0,5.0,2000000000.0,0.5,1000000000.0,1000000000.0,0.5,0.5,21.8924
169,1,Medium,0,-1,19.57,22.67,,3100.0,1800.0,1000.0,0.0,300.0,,1000000000.0,0.0,1000000000.0,0.0,1.0,0.0,
136,2,Heavy,1,0,14.0,21.57,,8686.83,-1480.0,1000.0,1774.0,8050.0,5.0,2000000000.0,0.5,1000000000.0,1000000000.0,0.5,0.5,22.6868
190,4,Heavy,1,0,19.77,22.79,,3020.0,-100.0,1800.0,99.2,1320.0,10.0,2000000000.0,0.1,1800000000.0,200000000.0,0.9,0.1,21.2733
162,0,Medium,0,-1,17.94,22.81,,4870.0,1800.0,1000.0,0.0,2070.0,,1000000000.0,0.0,1000000000.0,0.0,1.0,0.0,
210,1,Light,1,0,20.93,22.8843,,1954.29,1730.0,214.29,4.29,10.0,10.0,300000000.0,0.2857,214285714.2857143,85714285.71428572,0.7143,0.2857,20.9686
204,0,Light,1,1,20.7,22.99,,2290.0,2100.0,180.0,5.2,10.0,10.0,300000000.0,0.4,180000000.0,120000000.0,0.6,0.4,20.77
145,3,Heavy,1,0,14.47,23.11,,8640.0,-50.0,1600.0,196.4,7090.0,10.0,2000000000.0,0.2,1600000000.0,400000000.0,0.8,0.2,22.0702
175,2,Heavy,1,1,19.59,23.2367,,3646.67,700.0,666.67,1298.0,2280.0,5.0,2000000000.0,0.6667,666666666.6666667,1333333333.3333333,0.3333,0.6667,22.6071
191,4,Medium,0,-1,19.77,23.79,,4020.0,1800.0,1000.0,0.0,1220.0,,1000000000.0,0.0,1000000000.0,0.0,1.0,0.0,
197,5,Heavy,1,1,20.19,23.89,,3700.0,1010.0,1500.0,488.0,1190.0,5.0,2000000000.0,0.25,1500000000.0,500000000.0,0.75,0.25,21.63
231,4,Light,1,1,21.68,24.015,,2335.0,2100.0,225.0,4.0,10.0,10.0,300000000.0,0.25,225000000.0,75000000.0,0.75,0.25,21.9404
176,2,Heavy,1,1,19.59,24.0367,,4446.67,530.0,806.67,2128.4,3110.0,5.0,2000000000.0,0.6,800000000.0,1200000000.0,0.4,0.6,23.5967
205,0,Heavy,1,0,20.7,24.1329,,3432.86,1870.0,1142.86,418.57,420.0,10.0,2000000000.0,0.4286,1142857142.8571427,857142857.1428571,0.5714,0.4286,21.559
217,2,Light,1,0,21.49,24.2033,,2713.33,2530.0,173.33,5.56,10.0,10.0,300000000.0,0.4444,166666666.6666667,133333333.33333333,0.5556,0.4444,21.9368
243,0,Light,1,0,22.44,24.3043,,1864.29,1680.0,174.29,5.43,10.0,10.0,300000000.0,0.4286,171428571.42857143,128571428.57142857,0.5714,0.4286,23.0392
257,2,Light,1,0,23.37,24.3833,,1013.33,820.0,183.33,5.2,10.0,10.0,300000000.0,0.4,180000000.0,120000000.0,0.6,0.4,23.42
170,1,Heavy,1,1,19.57,24.4843,,5060.0,-510.0,1604.29,710.8,3820.0,5.0,2000000000.0,0.2,1600000000.0,400000000.0,0.8,0.2,24.63
183,3,Heavy,1,1,19.68,24.7767,,5096.67,1430.0,1666.67,164.0,2000.0,10.0,2000000000.0,0.1667,1666666666.6666667,333333333.3333333,0.8333,0.1667,21.8467
177,2,Medium,1,0,19.59,25.05,,5460.0,10.0,670.0,330.0,4780.0,5.0,1000000000.0,0.3333,666666666.6666667,333333333.3333333,0.6667,0.3333,24.5111
198,5,Heavy,1,1,20.19,25.2233,,5033.33,1810.0,1333.33,1183.33,1890.0,5.0,2000000000.0,0.3333,1333333333.3333335,666666666.6666666,0.6667,0.3333,22.9404
237,5,Light,1,0,22.31,25.3948,,3084.76,2900.0,174.76,5.43,10.0,10.0,300000000.0,0.4286,171428571.42857143,128571428.57142857,0.5714,0.4286,22.9963
232,4,Heavy,1,0,21.68,25.415,,3735.0,2030.0,1405.0,293.6,300.0,10.0,2000000000.0,0.3,1400000000.0,600000000.0,0.7,0.3,22.3535
184,3,Medium,1,0,19.68,25.5267,,5846.67,3130.0,756.67,125.0,1960.0,10.0,1000000000.0,0.25,750000000.0,250000000.0,0.75,0.25,22.1535
163,0,Heavy,1,0,17.94,25.5543,,7614.29,150.0,1254.29,1331.0,6210.0,5.0,2000000000.0,0.375,1250000000.0,750000000.0,0.625,0.375,24.4
225,3,Light,1,1,21.67,25.7142,,4044.17,3840.0,194.17,5.0,10.0,10.0,300000000.0,0.375,187500000.0,112500000.0,0.625,0.375,21.9029
171,1,Heavy,1,0,19.57,25.9129,,6342.86,1530.0,1432.86,279.71,3380.0,10.0,2000000000.0,0.2857,1428571428.5714285,571428571.4285713,0.7143,0.2857,23.2297
251,1,Light,1,1,22.67,26.1004,,3430.36,3230.0,190.36,8.0,10.0,5.0,300000000.0,0.375,187500000.0,112500000.0,0.625,0.375,22.9967
178,2,Heavy,1,0,19.59,26.3,,6710.0,270.0,1250.0,731.0,5190.0,5.0,2000000000.0,0.375,1250000000.0,750000000.0,0.625,0.375,26.0406
238,5,Heavy,1,1,22.31,26.3948,,4084.76,2590.0,1004.76,488.0,490.0,10.0,2000000000.0,0.5,1000000000.0,1000000000.0,0.5,0.5,24.0967
277,5,Light,1,0,25.01,26.5823,,1572.26,1370.0,192.26,5.0,10.0,10.0,300000000.0,0.375,187500000.0,112500000.0,0.625,0.375,26.0781
192,4,Heavy,1,0,19.77,26.7483,,6978.33,1020.0,1338.33,592.67,4620.0,10.0,2000000000.0,0.3333,1333333333.3333335,666666666.6666666,0.6667,0.3333,24.7333
164,0,Heavy,1,0,17.94,26.7543,,8814.29,1960.0,1204.29,779.6,5650.0,5.0,2000000000.0,0.4,1200000000.0,800000000.0,0.6,0.4,23.9038
226,3,Heavy,1,0,21.67,26.9142,,5244.17,3640.0,1204.17,390.8,400.0,10.0,2000000000.0,0.4,1200000000.0,800000000.0,0.6,0.4,22.9535
263,3,Light,1,0,23.56,27.0427,,3482.74,3330.0,132.74,11.14,20.0,5.0,300000000.0,0.5714,128571428.57142858,171428571.42857143,0.4286,0.5714,23.6371
199,5,Medium,1,0,20.19,27.2489,,7058.93,1180.0,668.93,166.0,5210.0,10.0,1000000000.0,0.3333,666666666.6666667,333333333.3333333,0.6667,0.3333,26.1892
206,0,Medium,1,1,20.7,27.3257,,6625.71,2180.0,575.71,423.71,3870.0,5.0,1000000000.0,0.4286,571428571.4285713,428571428.57142854,0.5714,0.4286,25.2729
211,1,Heavy,1,1,20.93,27.4337,,6503.69,2880.0,1333.69,326.0,2290.0,10.0,2000000000.0,0.3333,1333333333.3333335,666666666.6666666,0.6667,0.3333,24.43
218,2,Heavy,1,0,21.49,27.6333,,6143.33,1760.0,1333.33,326.0,3050.0,10.0,2000000000.0,0.3333,1333333333.3333335,666666666.6666666,0.6667,0.3333,24.9556
193,4,Heavy,1,1,19.77,27.8912,,8121.19,2530.0,1151.19,418.57,4440.0,10.0,2000000000.0,0.4286,1142857142.8571427,857142857.1428571,0.5714,0.4286,25.0586
264,3,Heavy,1,0,23.56,27.9316,,4371.63,2390.0,891.63,1082.0,1090.0,5.0,2000000000.0,0.5556,888888888.8888888,1111111111.1111112,0.4444,0.5556,25.3259
269,4,Light,1,0,23.93,28.0412,,4111.19,3950.0,151.19,6.0,10.0,10.0,300000000.0,0.5,150000000.0,150000000.0,0.5,0.5,23.99
212,1,Medium,1,0,20.93,28.0701,,7140.05,4350.0,640.05,180.91,2150.0,10.0,1000000000.0,0.3636,636363636.3636364,363636363.6363636,0.6364,0.3636,23.3509
289,1,Light,1,1,25.55,28.2701,,2720.05,2510.0,200.05,4.67,10.0,10.0,300000000.0,0.3333,200000000.00000003,100000000.0,0.6667,0.3333,26.4068
207,0,Heavy,1,1,20.7,28.4368,,7736.83,1600.0,1116.83,1577.11,5020.0,5.0,2000000000.0,0.4444,1111111111.1111112,888888888.8888888,0.5556,0.4444,27.2513
200,5,Heavy,1,1,20.19,28.4489,,8258.93,1610.0,1208.93,390.8,5440.0,10.0,2000000000.0,0.4,1200000000.0,800000000.0,0.6,0.4,26.8068
233,4,Medium,1,0,21.68,28.7079,,7027.86,2450.0,667.86,166.0,3910.0,10.0,1000000000.0,0.3333,666666666.6666667,333333333.3333333,0.6667,0.3333,26.3003
219,2,Heavy,1,1,21.49,28.8333,,7343.33,2700.0,1203.33,710.8,3440.0,10.0,2000000000.0,0.4,1200000000.0,800000000.0,0.6,0.4,25.8652
239,5,Medium,1,0,22.31,29.1489,,6838.93,1890.0,708.93,149.6,4240.0,10.0,1000000000.0,0.3,700000000.0,300000000.0,0.7,0.3,27.4063
185,3,Heavy,1,1,19.68,29.2044,,9524.35,1750.0,1274.35,646.36,6500.0,10.0,2000000000.0,0.3636,1272727272.7272727,727272727.2727273,0.6364,0.3636,28.0685
252,1,Heavy,1,0,22.67,29.6701,,7000.05,1570.0,1400.05,585.2,4030.0,5.0,2000000000.0,0.3,1400000000.0,600000000.0,0.7,0.3,27.6447
244,0,Heavy,1,0,22.44,29.7096,,7269.55,3760.0,1279.55,355.45,2230.0,10.0,2000000000.0,0.3636,1272727272.7272727,727272727.2727273,0.6364,0.3636,25.5684
234,4,Heavy,1,1,21.68,29.9079,,8227.86,2560.0,1207.86,710.8,4460.0,10.0,2000000000.0,0.4,1200000000.0,800000000.0,0.6,0.4,27.7048
308,4,Light,1,0,26.63,30.0925,,3462.47,3260.0,192.47,5.08,10.0,10.0,300000000.0,0.3846,184615384.61538464,115384615.38461539,0.6154,0.3846,27.4447
258,2,Heavy,1,0,23.37,30.1667,,6796.67,4110.0,1336.67,326.0,1350.0,10.0,2000000000.0,0.3333,1333333333.3333335,666666666.6666666,0.6667,0.3333,25.7906
253,1,Medium,1,0,22.67,30.3367,,7666.72,3230.0,666.72,330.0,3770.0,5.0,1000000000.0,0.3333,666666666.6666667,333333333.3333333,0.6667,0.3333,27.0396
240,5,Heavy,1,1,22.31,30.4217,,8111.66,2090.0,1281.66,646.36,4740.0,10.0,2000000000.0,0.3636,1272727272.7272727,727272727.2727273,0.6364,0.3636,28.7958
186,3,Heavy,1,0,19.68,30.4351,,10755.12,3290.0,1235.12,375.85,6230.0,10.0,2000000000.0,0.3846,1230769230.7692308,769230769.2307693,0.6154,0.3846,26.5952
302,3,Light,1,1,25.75,30.628,,4877.98,4670.0,197.98,4.86,10.0,10.0,300000000.0,0.3571,192857142.85714284,107142857.14285715,0.6429,0.3571,27.3048
259,2,Medium,1,1,23.37,30.7821,,7412.05,5570.0,622.05,191.23,1220.0,10.0,1000000000.0,0.3846,615384615.3846154,384615384.61538464,0.6154,0.3846,25.4652
245,0,Heavy,1,1,22.44,30.8762,,8436.22,4640.0,1176.22,740.33,2620.0,10.0,2000000000.0,0.4167,1166666666.6666665,833333333.3333334,0.5833,0.4167,26.2818
296,2,Light,1,0,25.69,30.9667,,5276.67,5080.0,186.67,8.15,10.0,5.0,300000000.0,0.3846,184615384.61538464,115384615.38461539,0.6154,0.3846,26.3388
283,0,Light,1,1,25.47,31.0262,,5556.22,5390.0,156.22,6.0,10.0,10.0,300000000.0,0.5,150000000.0,150000000.0,0.5,0.5,26.3568
309,4,Heavy,1,1,26.63,31.2353,,4605.33,3040.0,1145.33,418.57,420.0,10.0,2000000000.0,0.4286,1142857142.8571427,857142857.1428571,0.5714,0.4286,29.2243
227,3,Medium,1,1,21.67,31.2434,,9573.37,3500.0,623.37,191.23,5450.0,10.0,1000000000.0,0.3846,615384615.3846154,384615384.61538464,0.6154,0.3846,29.4166
213,1,Heavy,1,1,20.93,31.5867,,10656.72,910.0,1256.72,1331.0,8490.0,5.0,2000000000.0,0.375,1250000000.0,750000000.0,0.625,0.375,31.0916
278,5,Heavy,1,1,25.01,31.6944,,6684.38,3470.0,1274.38,355.45,1940.0,10.0,2000000000.0,0.3636,1272727272.7272727,727272727.2727273,0.6364,0.3636,28.4321
284,0,Heavy,1,0,25.47,32.0262,,6556.22,5060.0,1006.22,488.0,490.0,10.0,2000000000.0,0.5,1000000000.0,1000000000.0,0.5,0.5,26.9285
297,2,Heavy,1,0,25.69,32.1667,,6476.67,4490.0,1206.67,779.6,780.0,5.0,2000000000.0,0.4,1200000000.0,800000000.0,0.6,0.4,27.3063
322,0,Light,1,0,29.12,32.2062,,3086.22,2890.0,186.22,8.4,10.0,5.0,300000000.0,0.4,180000000.0,120000000.0,0.6,0.4,29.6745
279,5,Medium,1,0,25.01,32.3098,,7299.77,4900.0,619.77,191.23,1780.0,10.0,1000000000.0,0.3846,615384615.3846154,384615384.61538464,0.6154,0.3846,28.0806
270,4,Heavy,1,0,23.93,32.3464,,8416.44,2310.0,1116.44,866.0,4990.0,5.0,2000000000.0,0.4444,1111111111.1111112,888888888.8888888,0.5556,0.4444,29.2163
228,3,Heavy,1,0,21.67,32.4434,,10773.37,3600.0,1203.37,710.8,5970.0,10.0,2000000000.0,0.4,1200000000.0,800000000.0,0.6,0.4,28.3473
214,1,Heavy,1,1,20.93,32.7867,,11856.72,2720.0,1206.72,779.6,7930.0,5.0,2000000000.0,0.4,1200000000.0,800000000.0,0.6,0.4,30.2166
265,3,Medium,1,0,23.56,32.8878,,9327.81,3950.0,447.81,548.67,4930.0,5.0,1000000000.0,0.5556,444444444.4444444,555555555.5555556,0.4444,0.5556,28.6752
179,2,Heavy,1,0,19.59,33.2436,,13653.59,5390.0,1083.59,450.62,7180.0,10.0,2000000000.0,0.4615,1076923076.9230769,923076923.0769231,0.5385,0.4615,27.9524
323,0,Heavy,1,0,29.12,33.3729,,4252.89,2260.0,1172.89,812.0,820.0,5.0,2000000000.0,0.4167,1166666666.6666665,833333333.3333334,0.5833,0.4167,30.6826
271,4,Heavy,1,0,23.93,33.4373,,9507.35,2670.0,1097.35,1612.91,5740.0,5.0,2000000000.0,0.4545,1090909090.9090908,909090909.090909,0.5455,0.4545,29.9775
201,5,Heavy,1,1,20.19,33.5098,,13319.77,3450.0,1209.77,390.8,8660.0,10.0,2000000000.0,0.4,1200000000.0,800000000.0,0.6,0.4,29.8166
347,4,Light,1,0,30.78,33.6088,,2828.78,2640.0,178.78,5.43,10.0,10.0,300000000.0,0.4286,171428571.42857143,128571428.57142857,0.5714,0.4286,30.8329
314,5,Light,1,0,28.61,33.6848,,5074.77,4880.0,184.77,5.33,10.0,10.0,300000000.0,0.4167,174999999.99999997,125000000.0,0.5833,0.4167,28.7169
220,2,Medium,1,0,21.49,33.789,,12299.04,4170.0,549.04,225.64,7580.0,10.0,1000000000.0,0.4545,545454545.4545454,454545454.5454545,0.5455,0.4545,29.6345
266,3,Heavy,1,0,23.56,33.7969,,10236.9,3000.0,916.9,1935.09,6320.0,5.0,2000000000.0,0.5455,909090909.0909091,1090909090.9090908,0.4545,0.5455,30.3411
355,5,Light,1,0,31.49,33.8514,,2361.43,2180.0,171.43,5.56,10.0,10.0,300000000.0,0.4444,166666666.6666667,133333333.33333333,0.5556,0.4444,31.9911
246,0,Medium,1,0,22.44,33.8729,,11432.89,1990.0,502.89,494.0,8940.0,5.0,1000000000.0,0.5,500000000.0,500000000.0,0.5,0.5,31.5467
340,3,Light,1,0,30.36,33.9169,,3556.9,3420.0,126.9,6.8,10.0,10.0,300000000.0,0.6,120000000.0,180000000.0,0.4,0.6,30.7426
290,1,Heavy,1,0,25.55,33.9867,,8436.72,3720.0,1206.72,779.6,3510.0,5.0,2000000000.0,0.4,1200000000.0,800000000.0,0.6,0.4,29.483
310,4,Medium,1,1,26.63,34.1088,,7478.78,1860.0,508.78,494.0,5110.0,5.0,1000000000.0,0.5,500000000.0,500000000.0,0.5,0.5,31.99
291,1,Medium,1,0,25.55,34.5701,,9020.05,5280.0,590.05,412.0,3150.0,5.0,1000000000.0,0.4167,583333333.3333333,416666666.6666667,0.5833,0.4167,28.8557
328,1,Light,1,1,29.47,34.7064,,5236.42,5080.0,136.42,10.73,20.0,5.0,300000000.0,0.5455,136363636.36363637,163636363.63636363,0.4545,0.5455,31.1735
221,2,Heavy,1,1,21.49,34.789,,13299.04,4450.0,1009.04,488.0,7840.0,10.0,2000000000.0,0.5,1000000000.0,1000000000.0,0.5,0.5,30.7166
303,3,Heavy,1,0,25.75,34.8058,,9055.79,2190.0,895.79,1082.0,5970.0,5.0,2000000000.0,0.5556,888888888.8888888,1111111111.1111112,0.4444,0.5556,32.4115
247,0,Heavy,1,0,22.44,34.8729,,12432.89,2010.0,1002.89,974.0,9420.0,5.0,2000000000.0,0.5,1000000000.0,1000000000.0,0.5,0.5,32.7948
334,2,Light,1,0,29.87,34.8981,,5028.14,4900.0,118.14,7.09,10.0,10.0,300000000.0,0.6364,109090909.0909091,190909090.9090909,0.3636,0.6364,30.4048
361,0,Light,1,0,31.6,35.0229,,3422.89,3260.0,152.89,6.0,10.0,10.0,300000000.0,0.5,150000000.0,150000000.0,0.5,0.5,32.0411
311,4,Heavy,1,1,26.63,35.1088,,8478.78,1080.0,1008.78,1774.0,6390.0,5.0,2000000000.0,0.5,1000000000.0,1000000000.0,0.5,0.5,34.3233
280,5,Heavy,1,1,25.01,35.1848,,10174.77,940.0,1334.77,592.67,7900.0,10.0,2000000000.0,0.3333,1333333333.3333335,666666666.6666666,0.6667,0.3333,33.8233
388,4,Light,1,0,32.87,35.2373,,2367.35,2220.0,137.35,6.57,10.0,10.0,300000000.0,0.5714,128571428.57142858,171428571.42857143,0.4286,0.5714,33.0883
304,3,Medium,1,0,25.75,35.2603,,9510.33,3630.0,460.33,538.73,5420.0,5.0,1000000000.0,0.5455,454545454.54545456,545454545.4545454,0.4545,0.5455,31.3518
394,5,Light,1,0,33.29,35.2848,,1994.77,1880.0,104.77,7.33,10.0,10.0,300000000.0,0.6667,100000000.00000001,200000000.0,0.3333,0.6667,33.5556
382,3,Light,1,0,32.16,35.3967,,3236.7,3090.0,136.7,6.36,10.0,10.0,300000000.0,0.5455,136363636.36363637,163636363.63636363,0.4545,0.5455,32.8494
329,1,Heavy,1,1,29.47,35.6295,,6159.49,4180.0,929.49,1048.77,1050.0,5.0,2000000000.0,0.5385,923076923.0769231,1076923076.9230769,0.4615,0.5385,31.7119
260,2,Heavy,1,1,23.37,35.6981,,12328.14,3030.0,808.14,1065.2,8490.0,10.0,2000000000.0,0.6,800000000.0,1200000000.0,0.4,0.6,32.6718
272,4,Medium,1,0,23.93,35.7929,,11862.91,1560.0,562.91,220.67,9740.0,10.0,1000000000.0,0.4444,555555555.5555556,444444444.4444444,0.5556,0.4444,33.8181
375,2,Light,1,0,31.83,35.8481,,4018.14,3850.0,158.14,6.0,10.0,10.0,300000000.0,0.5,150000000.0,150000000.0,0.5,0.5,32.4615
362,0,Heavy,1,1,31.6,35.932,,4331.98,2880.0,911.98,532.18,540.0,10.0,2000000000.0,0.5455,909090909.0909091,1090909090.9090908,0.4545,0.5455,33.2173
298,2,Medium,1,1,25.69,36.3027,,10612.68,3390.0,462.68,270.36,6760.0,10.0,1000000000.0,0.5455,454545454.54545456,545454545.4545454,0.4545,0.5455,33.49
285,0,Medium,1,0,25.47,36.3865,,10916.52,3620.0,456.52,270.36,6840.0,10.0,1000000000.0,0.5455,454545454.54545456,545454545.4545454,0.4545,0.5455,33.0312
254,1,Heavy,1,0,22.67,36.4295,,13759.49,4210.0,809.49,1065.2,8740.0,10.0,2000000000.0,0.6,800000000.0,1200000000.0,0.4,0.6,31.9467
367,1,Light,1,1,31.78,36.5659,,4785.86,4630.0,145.86,6.36,10.0,10.0,300000000.0,0.5455,136363636.36363637,163636363.63636363,0.4545,0.5455,32.0718
315,5,Heavy,1,1,28.61,36.5348,,7957.38,850.0,1254.77,731.0,5820.0,5.0,2000000000.0,0.375,1250000000.0,750000000.0,0.625,0.375,36.5674
341,3,Heavy,1,1,30.36,36.7967,,6436.7,1170.0,1406.7,293.6,3860.0,10.0,2000000000.0,0.3,1400000000.0,600000000.0,0.7,0.3,35.7924
273,4,Heavy,1,1,23.93,36.7929,,12862.91,1860.0,1002.91,488.0,10000.0,10.0,2000000000.0,0.5,1000000000.0,1000000000.0,0.5,0.5,35.4924
286,0,Heavy,1,1,25.47,37.2199,,11749.86,3310.0,839.86,1035.67,7600.0,10.0,2000000000.0,0.5833,833333333.3333333,1166666666.6666667,0.4167,0.5833,34.9067
299,2,Heavy,1,0,25.69,37.2258,,11535.76,3170.0,925.76,956.15,7440.0,10.0,2000000000.0,0.5385,923076923.0769231,1076923076.9230769,0.4615,0.5385,33.489
414,2,Light,1,0,34.63,37.3972,,2767.19,2580.0,177.19,5.43,10.0,10.0,300000000.0,0.4286,171428571.42857143,128571428.57142857,0.5714,0.4286,34.6829
342,3,Medium,1,0,30.36,37.4634,,7103.37,2700.0,673.37,166.0,3730.0,10.0,1000000000.0,0.3333,666666666.6666667,333333333.3333333,0.6667,0.3333,34.5122
324,0,Medium,1,0,29.12,37.5532,,8433.19,3170.0,343.19,658.0,4920.0,5.0,1000000000.0,0.6667,333333333.3333334,666666666.6666666,0.3333,0.6667,34.2622
348,4,Heavy,1,0,30.78,37.6818,,6901.79,2090.0,891.79,1082.0,3920.0,5.0,2000000000.0,0.5556,888888888.8888888,1111111111.1111112,0.4444,0.5556,35.0704
316,5,Heavy,1,0,28.61,37.7348,,9124.77,1420.0,1204.77,1419.6,6500.0,5.0,2000000000.0,0.4,1200000000.0,800000000.0,0.6,0.4,35.712
292,1,Heavy,1,0,25.55,37.7659,,12632.7,560.0,1205.86,1419.6,10450.0,5.0,2000000000.0,0.4,1200000000.0,800000000.0,0.6,0.4,38.1827
325,0,Heavy,1,0,29.12,38.2805,,9160.46,1910.0,730.46,2257.27,6520.0,5.0,2000000000.0,0.6364,727272727.2727273,1272727272.7272727,0.3636,0.6364,37.7825
402,0,Light,1,1,33.69,38.409,,4719.03,4570.0,129.03,11.14,20.0,5.0,300000000.0,0.5714,128571428.57142858,171428571.42857143,0.4286,0.5714,34.9924
222,2,Heavy,1,0,21.49,38.54,,17050.04,2180.0,1150.04,418.57,13720.0,10.0,2000000000.0,0.4286,1142857142.8571427,857142857.1428571,0.5714,0.4286,35.9978
349,4,Heavy,1,0,30.78,38.5909,,7810.89,2130.0,910.89,1935.09,4770.0,5.0,2000000000.0,0.5455,909090909.0909091,1090909090.9090908,0.4545,0.5455,37.0249
293,1,Heavy,1,0,25.55,38.9325,,13382.52,2360.0,1172.52,812.0,9850.0,5.0,2000000000.0,0.4167,1166666666.6666665,833333333.3333334,0.5833,0.4167,36.5422
356,5,Heavy,1,1,31.49,38.9348,,7444.77,3470.0,1204.77,390.8,2770.0,10.0,2000000000.0,0.4,1200000000.0,800000000.0,0.6,0.4,36.1924
305,3,Heavy,1,1,25.75,38.9634,,13213.37,1740.0,1503.37,445.0,9970.0,10.0,2000000000.0,0.25,1500000000.0,500000000.0,0.75,0.25,38.072
408,1,Light,1,1,34.59,39.0941,,4504.06,4330.0,164.06,5.69,10.0,10.0,300000000.0,0.4615,161538461.53846154,138461538.46153846,0.5385,0.4615,36.6366
403,0,Heavy,1,0,33.69,39.284,,5594.03,3610.0,884.03,1095.5,1100.0,5.0,2000000000.0,0.5625,875000000.0,1125000000.0,0.4375,0.5625,35.4454
357,5,Medium,1,0,31.49,39.5181,,8028.1,4860.0,588.1,207.0,2580.0,10.0,1000000000.0,0.4167,583333333.3333333,416666666.6666667,0.5833,0.4167,34.4011
335,2,Heavy,1,0,29.87,39.74,,9870.04,3240.0,1200.04,390.8,5430.0,10.0,2000000000.0,0.4,1200000000.0,800000000.0,0.6,0.4,36.2644
330,1,Medium,1,0,29.47,39.7816,,10311.56,3300.0,691.56,155.75,6320.0,10.0,1000000000.0,0.3125,687500000.0,312500000.0,0.6875,0.3125,37.8866
389,4,Heavy,1,1,32.87,39.9242,,7054.22,3020.0,1334.22,326.0,2700.0,10.0,2000000000.0,0.3333,1333333333.3333335,666666666.6666666,0.6667,0.3333,37.822
248,0,Heavy,1,1,22.44,40.284,,17844.03,3910.0,1004.03,488.0,12930.0,10.0,2000000000.0,0.5,1000000000.0,1000000000.0,0.5,0.5,37.3554
336,2,Medium,1,1,29.87,40.3025,,10432.54,4620.0,562.54,217.25,5250.0,10.0,1000000000.0,0.4375,562500000.0,437500000.0,0.5625,0.4375,36.8554
383,3,Heavy,1,0,32.16,40.5348,,8374.79,3340.0,1574.79,210.29,3460.0,10.0,2000000000.0,0.2143,1571428571.4285715,428571428.57142854,0.7857,0.2143,37.3582
390,4,Medium,1,0,32.87,40.5671,,7697.08,4500.0,647.08,177.71,2550.0,10.0,1000000000.0,0.3571,642857142.8571428,357142857.14285713,0.6429,0.3571,36.6612
363,0,Medium,1,0,31.6,40.934,,9334.03,4160.0,654.03,174.2,4520.0,10.0,1000000000.0,0.35,650000000.0,350000000.0,0.65,0.35,38.2994
395,5,Heavy,1,0,33.29,40.9467,,7656.67,3940.0,1436.67,279.71,2280.0,10.0,2000000000.0,0.2857,1428571428.5714285,571428571.4285713,0.7143,0.2857,37.2154
331,1,Heavy,1,1,29.47,41.0757,,11605.68,3520.0,1295.68,627.41,6790.0,10.0,2000000000.0,0.3529,1294117647.0588233,705882352.9411765,0.6471,0.3529,39.2861
384,3,Medium,1,1,32.16,41.2681,,9108.13,4990.0,738.13,133.2,3380.0,10.0,1000000000.0,0.2667,733333333.3333334,266666666.66666666,0.7333,0.2667,37.4887
420,3,Light,1,0,35.86,41.4799,,5619.89,5390.0,219.89,4.35,10.0,10.0,300000000.0,0.2941,211764705.88235292,88235294.11764707,0.7059,0.2941,37.916
376,2,Heavy,1,0,31.83,41.5967,,9766.66,4100.0,1296.66,345.06,4370.0,10.0,2000000000.0,0.3529,1294117647.0588233,705882352.9411765,0.6471,0.3529,38.5347
274,4,Heavy,1,1,23.93,42.0337,,18103.74,3490.0,1473.74,261.2,13140.0,10.0,2000000000.0,0.2667,1466666666.6666667,533333333.3333333,0.7333,0.2667,39.9337
364,0,Heavy,1,1,31.6,42.1721,,10572.13,4310.0,1242.13,677.05,5020.0,10.0,2000000000.0,0.381,1238095238.0952382,761904761.9047619,0.619,0.381,39.667
377,2,Medium,1,1,31.83,42.2078,,10377.77,5540.0,617.77,193.33,4220.0,10.0,1000000000.0,0.3889,611111111.1111112,388888888.8888889,0.6111,0.3889,38.5998
426,4,Light,1,0,37.21,42.24,,5029.99,4810.0,209.99,4.5,10.0,10.0,300000000.0,0.3125,206250000.0,93750000.0,0.6875,0.3125,38.7742
396,5,Heavy,1,1,33.29,42.28,,8990.01,5050.0,1340.01,592.67,2600.0,10.0,2000000000.0,0.3333,1333333333.3333335,666666666.6666666,0.6667,0.3333,38.4054
440,0,Light,1,1,37.85,42.3721,,4522.13,4310.0,202.13,4.67,10.0,10.0,300000000.0,0.3333,200000000.00000003,100000000.0,0.6667,0.3333,40.8685
368,1,Heavy,1,0,31.78,42.4507,,10670.68,3890.0,1380.68,609.5,5400.0,5.0,2000000000.0,0.3125,1375000000.0,625000000.0,0.6875,0.3125,38.743
434,5,Light,1,0,37.38,42.48,,5100.01,4890.0,200.01,4.67,10.0,10.0,300000000.0,0.3333,200000000.00000003,100000000.0,0.6667,0.3333,38.8076
421,3,Heavy,1,1,35.86,42.8132,,6953.23,5280.0,1343.23,326.0,330.0,10.0,2000000000.0,0.3333,1333333333.3333335,666666666.6666666,0.6667,0.3333,38.9331
350,4,Medium,1,0,30.78,42.9323,,12152.3,3320.0,702.3,304.77,8130.0,5.0,1000000000.0,0.3077,692307692.3076923,307692307.6923077,0.6923,0.3077,39.8054
404,0,Medium,1,0,33.69,43.0388,,9348.8,2910.0,668.8,166.0,5770.0,10.0,1000000000.0,0.3333,666666666.6666667,333333333.3333333,0.6667,0.3333,40.1816
415,2,Heavy,1,0,34.63,43.5828,,8952.77,4490.0,1382.77,305.75,3080.0,10.0,2000000000.0,0.3125,1375000000.0,625000000.0,0.6875,0.3125,39.0159
435,5,Heavy,1,1,37.38,43.73,,6350.01,4730.0,1250.01,366.5,370.0,10.0,2000000000.0,0.375,1250000000.0,750000000.0,0.625,0.375,40.4852
369,1,Heavy,1,0,31.78,43.784,,12004.01,4690.0,1334.01,1183.33,5980.0,5.0,2000000000.0,0.3333,1333333333.3333335,666666666.6666666,0.6667,0.3333,39.2381
446,1,Light,1,0,37.93,43.9781,,6048.13,5840.0,198.13,4.82,10.0,10.0,300000000.0,0.3529,194117647.0588235,105882352.94117647,0.6471,0.3529,39.2734
416,2,Medium,1,1,34.63,44.2298,,9599.83,6000.0,649.83,175.65,2950.0,10.0,1000000000.0,0.3529,647058823.5294117,352941176.47058827,0.6471,0.3529,40.1102
343,3,Heavy,1,0,30.36,44.225,,13864.99,4810.0,1414.99,523.18,7640.0,10.0,2000000000.0,0.2941,1411764705.8823528,588235294.117647,0.7059,0.2941,39.4695
405,0,Heavy,1,1,33.69,44.2696,,10579.56,3050.0,1239.56,683.54,6290.0,10.0,2000000000.0,0.3846,1230769230.7692308,769230769.2307693,0.6154,0.3846,41.4198
351,4,Heavy,1,0,30.78,44.2656,,13485.63,3670.0,1335.63,650.0,8480.0,5.0,2000000000.0,0.3333,1333333333.3333335,666666666.6666666,0.6667,0.3333,40.0705
477,0,Light,1,1,41.16,44.3981,,3238.14,3090.0,138.14,6.57,10.0,10.0,300000000.0,0.5714,128571428.57142858,171428571.42857143,0.4286,0.5714,41.6105
317,5,Medium,1,1,28.61,44.3967,,15786.67,5820.0,666.67,166.0,9300.0,10.0,1000000000.0,0.3333,666666666.6666667,333333333.3333333,0.6667,0.3333,41.0352
453,2,Light,1,0,38.96,44.4013,,5441.26,5250.0,181.26,5.43,10.0,10.0,300000000.0,0.4286,171428571.42857143,128571428.57142857,0.5714,0.4286,39.8483
409,1,Heavy,1,0,34.59,45.2089,,10618.9,4120.0,1238.9,749.69,5260.0,5.0,2000000000.0,0.3846,1230769230.7692308,769230769.2307693,0.6154,0.3846,40.5713
478,0,Heavy,1,0,41.16,45.287,,4127.02,2680.0,897.02,542.0,550.0,10.0,2000000000.0,0.5556,888888888.8888888,1111111111.1111112,0.4444,0.5556,42.25
391,4,Heavy,1,0,32.87,45.3767,,12506.74,2900.0,1116.74,789.56,8490.0,10.0,2000000000.0,0.4444,1111111111.1111112,888888888.8888888,0.5556,0.4444,41.8796
337,2,Heavy,1,0,29.87,45.4013,,15531.26,3200.0,1001.26,888.0,11330.0,10.0,2000000000.0,0.5,1000000000.0,1000000000.0,0.5,0.5,41.5333
489,2,Light,1,1,41.66,45.487,,3826.97,3730.0,86.97,7.71,10.0,10.0,300000000.0,0.7143,85714285.71428572,214285714.2857143,0.2857,0.7143,41.7771
465,4,Light,1,0,40.76,45.5101,,4750.08,4590.0,140.08,10.89,20.0,5.0,300000000.0,0.5556,133333333.33333333,166666666.6666667,0.4444,0.5556,40.9672
344,3,Heavy,1,1,30.36,45.5583,,15198.32,6420.0,1338.32,326.0,7440.0,10.0,2000000000.0,0.3333,1333333333.3333335,666666666.6666666,0.6667,0.3333,40.8185
459,3,Light,1,0,40.14,45.6947,,5554.69,5400.0,144.69,6.36,10.0,10.0,300000000.0,0.5455,136363636.36363637,163636363.63636363,0.4545,0.5455,40.6259
318,5,Heavy,1,0,28.61,45.6967,,17086.67,6300.0,1306.67,342.2,9480.0,10.0,2000000000.0,0.35,1300000000.0,700000000.0,0.65,0.35,39.7028
410,1,Medium,1,0,34.59,45.8089,,11218.9,5700.0,608.9,395.6,4910.0,5.0,1000000000.0,0.4,600000000.0,400000000.0,0.6,0.4,40.3149
483,1,Light,1,0,41.28,45.9589,,4678.9,4510.0,158.9,6.0,10.0,10.0,300000000.0,0.5,150000000.0,150000000.0,0.5,0.5,41.5833
378,2,Heavy,1,0,31.83,46.237,,14406.97,2160.0,756.97,1109.5,11490.0,10.0,2000000000.0,0.625,750000000.0,1250000000.0,0.375,0.625,43.933
441,0,Heavy,1,0,37.85,46.3981,,8548.14,2460.0,1118.14,434.0,4970.0,10.0,2000000000.0,0.4444,1111111111.1111112,888888888.8888888,0.5556,0.4444,43.1163
466,4,Heavy,1,0,40.76,46.4192,,5659.17,3680.0,909.17,1062.36,1070.0,5.0,2000000000.0,0.5455,909090909.0909091,1090909090.9090908,0.4545,0.5455,42.6136
504,4,Light,1,1,42.13,46.4942,,4364.17,4270.0,84.17,8.0,10.0,10.0,300000000.0,0.75,75000000.0,225000000.0,0.25,0.75,42.2525
370,1,Medium,1,1,31.78,46.5145,,14734.46,1930.0,564.46,220.67,12240.0,10.0,1000000000.0,0.4444,555555555.5555556,444444444.4444444,0.5556,0.4444,45.3147
385,3,Heavy,1,1,32.16,46.5836,,14423.58,3430.0,893.58,986.44,10100.0,10.0,2000000000.0,0.5556,888888888.8888888,1111111111.1111112,0.4444,0.5556,42.8156
496,3,Light,1,1,41.84,46.6693,,4829.29,4730.0,89.29,7.71,10.0,10.0,300000000.0,0.7143,85714285.71428572,214285714.2857143,0.2857,0.7143,41.9571
358,5,Heavy,1,0,31.49,46.8395,,15349.53,5400.0,1149.53,761.43,8800.0,10.0,2000000000.0,0.4286,1142857142.8571427,857142857.1428571,0.5714,0.4286,40.9116
442,0,Medium,1,1,37.85,46.8981,,9048.14,3760.0,508.14,248.0,4780.0,10.0,1000000000.0,0.5,500000000.0,500000000.0,0.5,0.5,43.0656
379,2,Heavy,1,1,31.83,46.9036,,15073.64,3360.0,673.64,650.0,11040.0,10.0,2000000000.0,0.6667,666666666.6666667,1333333333.3333333,0.3333,0.6667,43.7322
471,5,Light,1,1,40.9,46.9295,,6029.53,5920.0,99.53,7.6,10.0,10.0,300000000.0,0.7,90000000.00000001,210000000.0,0.3,0.7,41.5248
517,0,Light,1,1,44.28,47.089,,2809.04,2600.0,199.04,4.91,10.0,10.0,300000000.0,0.3636,190909090.9090909,109090909.0909091,0.6364,0.3636,45.9526
422,3,Medium,1,0,35.86,47.1137,,11253.73,3290.0,453.73,548.67,7510.0,5.0,1000000000.0,0.5556,444444444.4444444,555555555.5555556,0.4444,0.5556,44.1181
427,4,Heavy,1,0,37.21,47.2942,,10084.17,3660.0,804.17,585.2,5620.0,10.0,2000000000.0,0.6,800000000.0,1200000000.0,0.4,0.6,43.5163
397,5,Medium,1,0,33.29,47.3295,,14039.53,4330.0,409.53,297.2,9300.0,10.0,1000000000.0,0.6,400000000.0,600000000.0,0.4,0.6,42.8136
371,1,Heavy,1,0,31.78,47.6054,,15825.37,2270.0,1095.37,443.82,12460.0,10.0,2000000000.0,0.4545,1090909090.9090908,909090909.090909,0.5455,0.4545,44.8021
479,0,Medium,1,0,41.16,47.789,,6629.04,1490.0,709.04,297.2,4430.0,5.0,1000000000.0,0.3,700000000.0,300000000.0,0.7,0.3,47.1309
417,2,Heavy,1,0,34.63,47.9945,,13364.55,1860.0,1094.55,807.45,10410.0,10.0,2000000000.0,0.4545,1090909090.9090908,909090909.090909,0.5455,0.4545,46.6509
423,3,Heavy,1,0,35.86,48.0228,,12162.83,2350.0,912.83,1935.09,8900.0,5.0,2000000000.0,0.5455,909090909.0909091,1090909090.9090908,0.4545,0.5455,45.9193
428,4,Heavy,1,1,37.21,48.0214,,10811.44,3920.0,731.44,1129.64,6160.0,10.0,2000000000.0,0.6364,727272727.2727273,1272727272.7272727,0.3636,0.6364,45.0924
398,5,Heavy,1,1,33.29,48.0568,,14766.8,4400.0,736.8,620.55,9630.0,10.0,2000000000.0,0.6364,727272727.2727273,1272727272.7272727,0.3636,0.6364,44.3686
535,3,Light,1,1,45.12,48.1844,,3064.36,2890.0,164.36,5.69,10.0,10.0,300000000.0,0.4615,161538461.53846154,138461538.46153846,0.5385,0.4615,46.5134
511,5,Light,1,1,43.05,48.1818,,5131.8,4990.0,131.8,6.67,10.0,10.0,300000000.0,0.5833,124999999.99999999,175000000.0,0.4167,0.5833,44.4561
447,1,Heavy,1,0,37.93,48.6963,,10766.28,3170.0,1096.28,443.82,6500.0,10.0,2000000000.0,0.4545,1090909090.9090908,909090909.090909,0.5455,0.4545,45.1052
512,5,Heavy,1,0,43.05,49.0389,,5988.95,4570.0,858.95,557.43,560.0,10.0,2000000000.0,0.5714,857142857.1428572,1142857142.8571427,0.4286,0.5714,44.4991
352,4,Heavy,1,0,30.78,49.0984,,18318.36,3290.0,1078.36,450.62,13950.0,10.0,2000000000.0,0.4615,1076923076.9230769,923076923.0769231,0.5385,0.4615,45.5557
480,0,Heavy,1,0,41.16,49.1224,,7962.38,1300.0,1342.38,1183.33,5320.0,5.0,2000000000.0,0.3333,1333333333.3333335,666666666.6666666,0.6667,0.3333,47.6434
454,2,Heavy,1,1,38.96,49.1612,,10201.22,3170.0,1171.22,407.0,5860.0,10.0,2000000000.0,0.4167,1166666666.6666665,833333333.3333334,0.5833,0.4167,46.4442
448,1,Medium,1,1,37.93,49.1963,,11266.28,4460.0,506.28,248.0,6300.0,10.0,1000000000.0,0.5,500000000.0,500000000.0,0.5,0.5,45.898
543,4,Light,1,1,46.41,49.283,,2872.98,2670.0,192.98,5.08,10.0,10.0,300000000.0,0.3846,184615384.61538464,115384615.38461539,0.6154,0.3846,48.1173
523,1,Light,1,1,44.61,49.3463,,4736.28,4570.0,156.28,6.0,10.0,10.0,300000000.0,0.5,150000000.0,150000000.0,0.5,0.5,46.0276
436,5,Medium,1,1,37.38,49.3723,,11992.28,4950.0,342.28,330.0,6700.0,10.0,1000000000.0,0.6667,333333333.3333334,666666666.6666666,0.3333,0.6667,45.648
460,3,Heavy,1,1,40.14,49.4151,,9275.13,2100.0,1235.13,375.85,5940.0,10.0,2000000000.0,0.3846,1230769230.7692308,769230769.2307693,0.6154,0.3846,47.1314
455,2,Medium,1,0,38.96,49.7326,,10772.64,4530.0,572.64,212.86,5670.0,10.0,1000000000.0,0.4286,571428571.4285713,428571428.57142854,0.5714,0.4286,45.248
529,2,Light,1,0,45.07,49.8926,,4822.64,4650.0,162.64,5.73,10.0,10.0,300000000.0,0.4667,160000000.0,140000000.0,0.5333,0.4667,46.6976
467,4,Medium,1,0,40.76,49.9258,,9165.84,2680.0,645.84,177.71,5840.0,10.0,1000000000.0,0.3571,642857142.8571428,357142857.14285713,0.6429,0.3571,47.7624
461,3,Medium,1,0,40.14,50.0151,,9875.13,3310.0,605.13,395.6,5960.0,5.0,1000000000.0,0.4,600000000.0,400000000.0,0.6,0.4,47.2643
437,5,Heavy,1,0,37.38,50.0866,,12706.56,4480.0,716.56,1141.14,7510.0,10.0,2000000000.0,0.6429,714285714.2857141,1285714285.7142859,0.3571,0.6429,46.3479
524,1,Heavy,1,0,44.61,50.3463,,5736.28,4240.0,1006.28,488.0,490.0,10.0,2000000000.0,0.5,1000000000.0,1000000000.0,0.5,0.5,47.0309
443,0,Heavy,1,1,37.85,50.6224,,12772.38,1770.0,1502.38,445.0,9500.0,10.0,2000000000.0,0.25,1500000000.0,500000000.0,0.75,0.25,50.2517
490,2,Heavy,1,1,41.66,50.9696,,9309.57,3500.0,1079.57,899.23,4730.0,5.0,2000000000.0,0.4615,1076923076.9230769,923076923.0769231,0.5385,0.4615,47.5929
319,5,Heavy,1,0,28.61,51.0866,,22476.56,3400.0,1006.56,974.0,18070.0,5.0,2000000000.0,0.5,1000000000.0,1000000000.0,0.5,0.5,48.0957
468,4,Heavy,1,1,40.76,51.1258,,10365.84,2780.0,1205.84,710.8,6380.0,10.0,2000000000.0,0.4,1200000000.0,800000000.0,0.6,0.4,49.7794
497,3,Heavy,1,1,41.84,51.3008,,9460.85,2990.0,1290.85,349.14,5180.0,10.0,2000000000.0,0.3571,1285714285.7142856,714285714.2857143,0.6429,0.3571,49.3119
411,1,Heavy,1,1,34.59,51.4713,,16881.28,3750.0,1131.28,777.25,12000.0,10.0,2000000000.0,0.4375,1125000000.0,875000000.0,0.5625,0.4375,48.5548
491,2,Medium,1,1,41.66,51.5029,,9842.9,5000.0,542.9,461.2,4300.0,5.0,1000000000.0,0.4667,533333333.3333333,466666666.6666667,0.5333,0.4667,46.7468
570,2,Light,1,1,49.41,51.7106,,2300.59,2080.0,210.59,4.46,10.0,10.0,300000000.0,0.3077,207692307.69230768,92307692.30769232,0.6923,0.3077,51.2447
518,0,Heavy,1,0,44.28,52.1608,,7880.84,3070.0,1540.84,450.62,3270.0,5.0,2000000000.0,0.2308,1538461538.4615383,461538461.53846157,0.7692,0.2308,49.0002
472,5,Heavy,1,0,40.9,52.263,,11363.03,3740.0,1183.03,402.24,6440.0,10.0,2000000000.0,0.4118,1176470588.235294,823529411.7647059,0.5882,0.4118,48.7575
505,4,Heavy,1,1,42.13,52.3258,,10195.84,4220.0,1205.84,390.8,4770.0,10.0,2000000000.0,0.4,1200000000.0,800000000.0,0.6,0.4,48.9548
484,1,Heavy,1,1,41.28,52.5379,,11257.94,5050.0,1067.94,455.6,5140.0,10.0,2000000000.0,0.4667,1066666666.6666666,933333333.3333334,0.5333,0.4667,48.0596
498,3,Heavy,1,0,41.84,52.5508,,10710.85,3960.0,1250.85,666.5,5500.0,10.0,2000000000.0,0.375,1250000000.0,750000000.0,0.625,0.375,48.483
473,5,Medium,1,1,40.9,52.8186,,11918.59,5100.0,558.59,220.67,6260.0,10.0,1000000000.0,0.4444,555555555.5555556,444444444.4444444,0.5556,0.4444,50.0017
519,0,Medium,1,0,44.28,52.8942,,8614.17,4800.0,734.17,264.4,3080.0,5.0,1000000000.0,0.2667,733333333.3333334,266666666.66666666,0.7333,0.2667,48.8464
506,4,Medium,1,0,42.13,52.9141,,10784.07,5610.0,594.07,204.59,4580.0,10.0,1000000000.0,0.4118,588235294.117647,411764705.88235295,0.5882,0.4118,48.233
550,5,Light,1,1,47.11,52.9836,,5873.59,5690.0,173.59,5.6,10.0,10.0,300000000.0,0.45,165000000.0,135000000.0,0.55,0.45,49.3794
571,2,Heavy,1,0,49.41,53.0439,,3633.93,1970.0,1333.93,326.0,330.0,10.0,2000000000.0,0.3333,1333333333.3333335,666666666.6666666,0.6667,0.3333,51.1932
485,1,Medium,1,0,41.28,53.0674,,11787.35,6330.0,537.35,233.53,4920.0,10.0,1000000000.0,0.4706,529411764.7058824,470588235.2941176,0.5294,0.4706,47.4211
556,0,Light,1,0,47.87,53.1019,,5231.87,5010.0,211.87,6.92,10.0,5.0,300000000.0,0.3077,207692307.69230768,92307692.30769232,0.6923,0.3077,49.334
429,4,Medium,1,1,37.21,53.5391,,16329.07,4690.0,629.07,186.5,11010.0,10.0,1000000000.0,0.375,625000000.0,375000000.0,0.625,0.375,50.4392
536,3,Heavy,1,1,45.12,53.9794,,8859.42,4080.0,1429.42,279.71,3350.0,10.0,2000000000.0,0.2857,1428571428.5714285,571428571.4285713,0.7143,0.2857,50.7249
551,5,Heavy,1,0,47.11,54.0745,,6964.5,5420.0,1094.5,443.82,450.0,10.0,2000000000.0,0.4545,1090909090.9090908,909090909.090909,0.5455,0.4545,49.3033
372,1,Heavy,1,0,31.78,54.2438,,22463.82,5040.0,1183.82,402.24,16240.0,10.0,2000000000.0,0.4118,1176470588.235294,823529411.7647059,0.5882,0.4118,49.6086
456,2,Heavy,1,1,38.96,54.3773,,15417.26,2700.0,1337.26,592.67,11380.0,10.0,2000000000.0,0.3333,1333333333.3333335,666666666.6666666,0.6667,0.3333,52.7914
562,1,Light,1,0,48.96,54.4038,,5443.82,5270.0,163.82,5.73,10.0,10.0,300000000.0,0.4667,160000000.0,140000000.0,0.5333,0.4667,50.345
557,0,Heavy,1,0,47.87,54.4352,,6565.2,4570.0,1335.2,650.0,660.0,5.0,2000000000.0,0.3333,1333333333.3333335,666666666.6666666,0.6667,0.3333,50.09
599,0,Light,1,0,50.58,54.6352,,4055.2,3840.0,205.2,4.67,10.0,10.0,300000000.0,0.3333,200000000.00000003,100000000.0,0.6667,0.3333,51.3863
430,4,Heavy,1,0,37.21,54.7613,,17551.29,5110.0,1231.29,380.0,11210.0,10.0,2000000000.0,0.3889,1222222222.2222223,777777777.7777778,0.6111,0.3889,49.8678
639,0,Light,1,1,52.82,54.8019,,1981.87,1800.0,171.87,9.11,10.0,5.0,300000000.0,0.4444,166666666.6666667,133333333.33333333,0.5556,0.4444,53.765
399,5,Heavy,1,1,33.29,55.1271,,21837.13,5540.0,1057.13,462.42,15240.0,10.0,2000000000.0,0.4737,1052631578.9473686,947368421.0526315,0.5263,0.4737,51.1986
537,3,Heavy,1,0,45.12,55.3544,,10234.42,5220.0,1384.42,555.75,3630.0,10.0,2000000000.0,0.3125,1375000000.0,625000000.0,0.6875,0.3125,50.2984
449,1,Heavy,1,1,37.93,55.5288,,17598.82,4420.0,1128.82,777.25,12050.0,10.0,2000000000.0,0.4375,1125000000.0,875000000.0,0.5625,0.4375,52.1247
576,3,Light,1,0,49.71,55.5544,,5844.42,5630.0,204.42,4.67,10.0,10.0,300000000.0,0.3333,200000000.00000003,100000000.0,0.6667,0.3333,50.971
513,5,Medium,1,0,43.05,55.6271,,12577.13,5580.0,507.13,494.0,6490.0,5.0,1000000000.0,0.5,500000000.0,500000000.0,0.5,0.5,50.6413
530,2,Heavy,1,1,45.07,55.7106,,10640.59,4140.0,1340.59,326.0,5160.0,10.0,2000000000.0,0.3333,1333333333.3333335,666666666.6666666,0.6667,0.3333,52.458
640,0,Heavy,1,0,52.82,55.8928,,3072.77,1530.0,1092.77,443.82,450.0,10.0,2000000000.0,0.4545,1090909090.9090908,909090909.090909,0.5455,0.4545,53.5982
544,4,Heavy,1,1,46.41,56.0113,,9601.29,5100.0,1251.29,366.5,3250.0,10.0,2000000000.0,0.375,1250000000.0,750000000.0,0.625,0.375,51.6197
531,2,Medium,1,0,45.07,56.3577,,11287.65,5630.0,647.65,175.65,5010.0,10.0,1000000000.0,0.3529,647058823.5294117,352941176.47058827,0.6471,0.3529,51.3529
611,2,Light,1,0,51.03,56.5377,,5507.65,5310.0,187.65,8.4,10.0,5.0,300000000.0,0.4,180000000.0,120000000.0,0.6,0.4,51.9554
545,4,Medium,1,0,46.41,56.6224,,10212.41,6520.0,612.41,193.33,3080.0,10.0,1000000000.0,0.3889,611111111.1111112,388888888.8888889,0.6111,0.3889,50.4747
514,5,Heavy,1,0,43.05,56.6271,,13577.13,4800.0,1007.13,1774.0,7770.0,5.0,2000000000.0,0.5,1000000000.0,1000000000.0,0.5,0.5,51.8654
450,1,Heavy,1,0,37.93,56.6399,,18709.94,5880.0,1119.94,434.0,11710.0,10.0,2000000000.0,0.4444,1111111111.1111112,888888888.8888888,0.5556,0.4444,50.9376
584,4,Light,1,0,49.77,56.7961,,7026.09,6840.0,176.09,5.37,10.0,10.0,300000000.0,0.4211,173684210.5263158,126315789.4736842,0.5789,0.4211,51.2353
591,5,Light,1,1,49.95,56.7921,,6842.13,6660.0,172.13,5.6,10.0,10.0,300000000.0,0.45,165000000.0,135000000.0,0.55,0.45,51.6872
625,4,Light,1,0,52.47,56.9161,,4446.09,4310.0,126.09,6.8,10.0,10.0,300000000.0,0.6,120000000.0,180000000.0,0.4,0.6,52.5862
631,5,Light,1,0,52.6,56.9171,,4317.13,4180.0,127.13,6.67,10.0,10.0,300000000.0,0.5833,124999999.99999999,175000000.0,0.4167,0.5833,52.9779
462,3,Heavy,1,1,40.14,56.9294,,16789.42,4970.0,1379.42,555.75,10440.0,10.0,2000000000.0,0.3125,1375000000.0,625000000.0,0.6875,0.3125,53.1039
520,0,Heavy,1,1,44.28,56.9837,,12703.68,2180.0,1093.68,807.45,9430.0,10.0,2000000000.0,0.4545,1090909090.9090908,909090909.090909,0.5455,0.4545,54.304
617,3,Light,1,1,51.7,57.0931,,5393.06,5210.0,173.06,5.64,10.0,10.0,300000000.0,0.4545,163636363.63636363,136363636.36363634,0.5455,0.4545,53.6984
525,1,Medium,1,0,44.61,57.2024,,12592.44,5840.0,572.44,432.5,6180.0,5.0,1000000000.0,0.4375,562500000.0,437500000.0,0.5625,0.4375,51.5321
499,3,Medium,1,0,41.84,57.5375,,15697.5,3980.0,447.5,548.67,11270.0,5.0,1000000000.0,0.5556,444444444.4444444,555555555.5555556,0.4444,0.5556,53.2952
558,0,Medium,1,0,47.87,57.62,,9750.05,2350.0,640.05,180.91,6760.0,10.0,1000000000.0,0.3636,636363636.3636364,363636363.6363636,0.6364,0.3636,55.3027
474,5,Heavy,1,1,40.9,57.6444,,16744.4,1830.0,734.4,2257.27,14180.0,5.0,2000000000.0,0.6364,727272727.2727273,1272727272.7272727,0.3636,0.6364,55.9012
612,2,Heavy,1,0,51.03,57.7141,,6684.12,4690.0,1184.12,802.47,810.0,5.0,2000000000.0,0.4118,1176470588.235294,823529411.7647059,0.5882,0.4118,52.2299
507,4,Heavy,1,0,42.13,57.9161,,15786.09,2210.0,1006.09,1774.0,12570.0,5.0,2000000000.0,0.5,1000000000.0,1000000000.0,0.5,0.5,55.636
552,5,Medium,1,1,47.11,58.1444,,11034.4,3310.0,504.4,248.0,7220.0,10.0,1000000000.0,0.5,500000000.0,500000000.0,0.5,0.5,55.2648
526,1,Heavy,1,0,44.61,58.3135,,13703.55,5270.0,1113.55,1577.11,7320.0,5.0,2000000000.0,0.4444,1111111111.1111112,888888888.8888888,0.5556,0.4444,52.5262
500,3,Heavy,1,0,41.84,58.4466,,16606.59,3900.0,916.59,1062.36,11790.0,5.0,2000000000.0,0.5455,909090909.0909091,1090909090.9090908,0.4545,0.5455,54.5148
605,1,Light,1,0,50.97,58.4635,,7493.55,7330.0,153.55,6.0,10.0,10.0,300000000.0,0.5,150000000.0,150000000.0,0.5,0.5,51.9154
659,3,Light,1,1,54.0,58.5666,,4566.59,4430.0,126.59,6.8,10.0,10.0,300000000.0,0.6,120000000.0,180000000.0,0.4,0.6,54.9273
492,2,Heavy,1,0,41.66,58.7141,,17054.12,4420.0,1004.12,1774.0,11630.0,5.0,2000000000.0,0.5,1000000000.0,1000000000.0,0.5,0.5,53.9315
559,0,Heavy,1,1,47.87,58.7867,,10916.71,2430.0,1166.71,740.33,7320.0,10.0,2000000000.0,0.4167,1166666666.6666665,833333333.3333334,0.5833,0.4167,56.3871
508,4,Heavy,1,0,42.13,58.9161,,16786.09,4010.0,1006.09,974.0,11770.0,5.0,2000000000.0,0.5,1000000000.0,1000000000.0,0.5,0.5,54.8481
666,4,Light,1,1,54.03,59.0411,,5011.09,4870.0,131.09,6.67,10.0,10.0,300000000.0,0.5833,124999999.99999999,175000000.0,0.4167,0.5833,55.0148
538,3,Medium,1,0,45.12,59.1051,,13985.05,2970.0,545.05,229.08,10470.0,10.0,1000000000.0,0.4615,538461538.4615384,461538461.53846157,0.5385,0.4615,57.0303
553,5,Heavy,1,0,47.11,59.1444,,12034.4,3170.0,1004.4,888.0,7860.0,10.0,2000000000.0,0.5,1000000000.0,1000000000.0,0.5,0.5,56.0193
672,5,Light,1,0,54.92,59.2944,,4374.4,4210.0,154.4,6.0,10.0,10.0,300000000.0,0.5,150000000.0,150000000.0,0.5,0.5,55.686
606,1,Heavy,1,1,50.97,59.4109,,8440.91,6970.0,950.91,513.58,520.0,10.0,2000000000.0,0.5263,947368421.0526316,1052631578.9473684,0.4737,0.5263,53.6302
493,2,Heavy,1,0,41.66,59.7141,,18054.12,6220.0,1004.12,974.0,10830.0,5.0,2000000000.0,0.5,1000000000.0,1000000000.0,0.5,0.5,52.9196
600,0,Heavy,1,0,50.58,59.9534,,9373.38,3320.0,1173.38,812.0,4880.0,5.0,2000000000.0,0.4167,1166666666.6666665,833333333.3333334,0.5833,0.4167,56.8209
