task_id,job_id,app_name,node_name,ucb_reward,ucb_arm,user_id,task_type,offloaded,edge_id,arrival_time,finish_time,inter_arrival_ms,latency_ms,waiting_ms,proc_ms,tx_delay_ms,transit_ms,channel_rate_mbps,cycles_total,split_ratio,cycles_local,cycles_edge,local_ratio,edge_ratio,finish_time_edge
98,18,video,s,0.98,Edge 1,4,DAG_Task,1,1,10.62,10.63,,10.0,,0.0,2.0,,10.0,0.0,1.0,0.0,150000000.0,0.0,0.0,10.63
99,18,video,0,0.94,Edge 1,4,DAG_Task,1,1,10.62,10.65,,30.0,,0.0,10.0,,10.0,10.0,1.0,0.0,150000010.0,0.0,15000001.0,10.65
104,19,matrix,s,0.98,Edge 1,0,DAG_Task,1,1,10.69,10.7,,10.0,,0.0,2.0,,10.0,0.0,1.0,0.0,150000000.0,0.0,0.0,10.7
105,19,matrix,0,0.94,Edge 1,0,DAG_Task,1,1,10.69,10.72,,30.0,,0.0,10.0,,10.0,10.0,1.0,0.0,150000010.0,0.0,15000001.0,10.72
101,18,video,2,-1.0,Edge 1,4,DAG_Task,1,1,10.62,11.65,,1030.0,,0.0,986.0,,5.0,15.0,1.0,0.0,300000015.0,0.0,20000001.0,11.65
118,21,video,s,0.98,Edge 1,5,DAG_Task,1,1,12.45,12.46,,10.0,,0.0,2.0,,10.0,0.0,1.0,0.0,150000000.0,0.0,0.0,12.46
119,21,video,0,0.94,Edge 1,5,DAG_Task,1,1,12.45,12.48,,30.0,,0.0,10.0,,10.0,10.0,1.0,0.0,150000010.0,0.0,15000001.0,12.48
100,18,video,1,-1.0,Edge 1,4,DAG_Task,1,1,10.62,12.61,,1990.0,,0.0,1946.0,,5.0,15.0,1.0,0.0,300000015.0,0.0,20000001.0,12.61
103,18,video,4,-1.0,Edge 1,4,DAG_Task,1,1,10.62,12.64,,2020.0,,0.0,974.0,,10.0,15.0,1.0,0.0,150000015.0,0.0,10000001.0,12.64
106,19,matrix,1,-1.0,Edge 1,0,DAG_Task,1,1,10.69,12.68,,1990.0,,0.0,1946.0,,5.0,15.0,1.0,0.0,300000015.0,0.0,20000001.0,12.68
107,19,matrix,2,-1.0,Edge 1,0,DAG_Task,1,1,10.69,13.19,,2500.0,,0.0,494.0,,10.0,15.0,1.0,0.0,150000015.0,0.0,10000001.0,13.19
121,21,video,2,-1.0,Edge 1,5,DAG_Task,1,1,12.45,13.48,,1030.0,,0.0,986.0,,5.0,15.0,1.0,0.0,300000015.0,0.0,20000001.0,13.48
123,21,video,4,-1.0,Local,5,DAG_Task,0,-1,12.45,13.49,,1040.0,0.0,0.0,0.0,1040.0,,15.0,0.0,15.0,0.0,1.0,0.0,
131,23,mapreduce,s,0.98,Edge 1,2,DAG_Task,1,1,13.93,13.94,,10.0,,0.0,2.0,,10.0,0.0,1.0,0.0,901687500.0,0.0,0.0,13.94
132,23,mapreduce,0,0.94,Edge 1,2,DAG_Task,1,1,13.93,13.96,,30.0,,0.0,10.0,,10.0,10.0,1.0,0.0,901687510.0,0.0,90168751.0,13.96
108,19,matrix,3,-1.0,Edge 1,0,DAG_Task,1,1,10.69,14.28,,3590.0,,0.0,3546.0,,5.0,15.0,1.0,0.0,300000015.0,0.0,20000001.0,14.28
141,25,matrix,s,0.98,Edge 1,0,DAG_Task,1,1,14.28,14.29,,10.0,,0.0,2.0,,10.0,0.0,1.0,0.0,150000000.0,0.0,0.0,14.29
142,25,matrix,0,0.94,Edge 1,0,DAG_Task,1,1,14.28,14.31,,30.0,,0.0,10.0,,10.0,10.0,1.0,0.0,150000010.0,0.0,15000001.0,14.31
102,18,video,3,-1.0,Edge 0,4,DAG_Task,1,0,10.62,14.4,,3780.0,,0.0,1774.0,,10.0,15.0,1.0,0.0,150000015.0,0.0,10000001.0,14.4
120,21,video,1,-1.0,Edge 1,5,DAG_Task,1,1,12.45,14.44,,1990.0,,0.0,1946.0,,5.0,15.0,1.0,0.0,300000015.0,0.0,20000001.0,14.44
122,21,video,3,-1.0,Local,5,DAG_Task,0,-1,12.45,14.45,,2000.0,0.0,0.0,0.0,2000.0,,15.0,0.0,15.0,0.0,1.0,0.0,
134,23,mapreduce,2,-0.08,Edge 0,2,DAG_Task,1,0,13.93,14.47,,540.0,,0.0,494.0,,10.0,15.0,1.0,0.0,1136812515.0,0.0,75787501.0,14.47
148,26,video,s,0.98,Edge 1,0,DAG_Task,1,1,14.46,14.47,,10.0,,0.0,2.0,,10.0,0.0,1.0,0.0,150000000.0,0.0,0.0,14.47
149,26,video,0,0.94,Edge 1,0,DAG_Task,1,1,14.46,14.49,,30.0,,0.0,10.0,,10.0,10.0,1.0,0.0,150000010.0,0.0,15000001.0,14.49
133,23,mapreduce,1,-1.0,Edge 0,2,DAG_Task,1,0,13.93,14.93,,1000.0,,0.0,974.0,,10.0,15.0,1.0,0.0,1136812515.0,0.0,75787501.0,14.93
135,23,mapreduce,3,-1.0,Local,2,DAG_Task,0,-1,13.93,14.94,,1010.0,0.0,0.0,0.0,1010.0,,15.0,0.0,15.0,0.0,1.0,0.0,
109,19,matrix,4,-1.0,Edge 0,0,DAG_Task,1,0,10.69,15.27,,4580.0,,0.0,974.0,,10.0,15.0,1.0,0.0,150000015.0,0.0,10000001.0,15.27
110,19,matrix,5,-1.0,Local,0,DAG_Task,0,-1,10.69,15.28,,4590.0,0.0,0.0,0.0,4590.0,,15.0,0.0,15.0,0.0,1.0,0.0,
154,27,video,s,0.98,Edge 1,4,DAG_Task,1,1,15.36,15.37,,10.0,,0.0,2.0,,10.0,0.0,1.0,0.0,150000000.0,0.0,0.0,15.37
155,27,video,0,0.94,Edge 1,4,DAG_Task,1,1,15.36,15.39,,30.0,,0.0,10.0,,10.0,10.0,1.0,0.0,150000010.0,0.0,15000001.0,15.39
156,27,video,1,0.92,Local,4,DAG_Task,0,-1,15.36,15.4,,40.0,0.0,0.0,0.0,40.0,,15.0,0.0,15.0,0.0,1.0,0.0,
158,27,video,3,0.9,Local,4,DAG_Task,0,-1,15.36,15.41,,50.0,0.0,0.0,0.0,50.0,,15.0,0.0,15.0,0.0,1.0,0.0,
151,26,video,2,-1.0,Edge 1,0,DAG_Task,1,1,14.46,15.49,,1030.0,,0.0,986.0,,5.0,15.0,1.0,0.0,300000015.0,0.0,20000001.0,15.49
153,26,video,4,-1.0,Local,0,DAG_Task,0,-1,14.46,15.5,,1040.0,0.0,0.0,0.0,1040.0,,15.0,0.0,15.0,0.0,1.0,0.0,
157,27,video,2,-0.08,Edge 1,4,DAG_Task,1,1,15.36,15.9,,540.0,,0.0,494.0,,10.0,15.0,1.0,0.0,150000015.0,0.0,10000001.0,15.9
159,27,video,4,-0.1,Local,4,DAG_Task,0,-1,15.36,15.91,,550.0,0.0,0.0,0.0,550.0,,15.0,0.0,15.0,0.0,1.0,0.0,
160,28,video,s,0.98,Edge 1,4,DAG_Task,1,1,16.03,16.04,,10.0,,0.0,2.0,,10.0,0.0,1.0,0.0,150000000.0,0.0,0.0,16.04
161,28,video,0,0.94,Edge 1,4,DAG_Task,1,1,16.03,16.06,,30.0,,0.0,10.0,,10.0,10.0,1.0,0.0,150000010.0,0.0,15000001.0,16.06
162,28,video,1,0.92,Local,4,DAG_Task,0,-1,16.03,16.07,,40.0,0.0,0.0,0.0,40.0,,15.0,0.0,15.0,0.0,1.0,0.0,
164,28,video,3,0.9,Local,4,DAG_Task,0,-1,16.03,16.08,,50.0,0.0,0.0,0.0,50.0,,15.0,0.0,15.0,0.0,1.0,0.0,
143,25,matrix,1,-1.0,Edge 0,0,DAG_Task,1,0,14.28,16.27,,1990.0,,0.0,1946.0,,5.0,15.0,1.0,0.0,300000015.0,0.0,20000001.0,16.27
166,29,mapreduce,s,0.98,Edge 1,4,DAG_Task,1,1,16.28,16.29,,10.0,,0.0,2.0,,5.0,0.0,1.0,0.0,910312499.9999999,0.0,0.0,16.29
167,29,mapreduce,0,0.96,Local,4,DAG_Task,0,-1,16.28,16.3,,20.0,0.0,0.0,0.0,20.0,,10.0,0.0,10.0,0.0,1.0,0.0,
168,29,mapreduce,1,0.96,Local,4,DAG_Task,0,-1,16.28,16.3,,20.0,0.0,0.0,0.0,20.0,,15.0,0.0,15.0,0.0,1.0,0.0,
170,29,mapreduce,3,0.94,Local,4,DAG_Task,0,-1,16.28,16.31,,30.0,0.0,0.0,0.0,30.0,,15.0,0.0,15.0,0.0,1.0,0.0,
150,26,video,1,-1.0,Edge 1,0,DAG_Task,1,1,14.46,16.45,,1990.0,,0.0,1946.0,,5.0,15.0,1.0,0.0,300000015.0,0.0,20000001.0,16.45
152,26,video,3,-1.0,Local,0,DAG_Task,0,-1,14.46,16.46,,2000.0,0.0,0.0,0.0,2000.0,,15.0,0.0,15.0,0.0,1.0,0.0,
163,28,video,2,-0.08,Edge 1,4,DAG_Task,1,1,16.03,16.57,,540.0,,0.0,494.0,,10.0,15.0,1.0,0.0,150000015.0,0.0,10000001.0,16.57
165,28,video,4,-0.1,Local,4,DAG_Task,0,-1,16.03,16.58,,550.0,0.0,0.0,0.0,550.0,,15.0,0.0,15.0,0.0,1.0,0.0,
171,30,lightgbm,s,0.98,Edge 1,3,DAG_Task,1,1,16.77,16.78,,10.0,,0.0,2.0,,10.0,0.0,1.0,0.0,165750000.0,0.0,0.0,16.78
172,30,lightgbm,0,0.94,Edge 1,3,DAG_Task,1,1,16.77,16.8,,30.0,,0.0,10.0,,10.0,10.0,1.0,0.0,165750010.0,0.0,16575001.0,16.8
173,30,lightgbm,1,0.92,Local,3,DAG_Task,0,-1,16.77,16.81,,40.0,0.0,0.0,0.0,40.0,,15.0,0.0,15.0,0.0,1.0,0.0,
169,29,mapreduce,2,-0.06,Edge 1,4,DAG_Task,1,1,16.28,16.81,,530.0,,0.0,494.0,,10.0,15.0,1.0,0.0,901687515.0000001,0.0,60112501.0,16.81
176,31,matrix,s,0.98,Edge 1,4,DAG_Task,1,1,16.95,16.96,,10.0,,0.0,2.0,,10.0,0.0,1.0,0.0,150000000.0,0.0,0.0,16.96
177,31,matrix,0,0.94,Edge 1,4,DAG_Task,1,1,16.95,16.98,,30.0,,0.0,10.0,,10.0,10.0,1.0,0.0,150000010.0,0.0,15000001.0,16.98
178,31,matrix,1,0.92,Local,4,DAG_Task,0,-1,16.95,16.99,,40.0,0.0,0.0,0.0,40.0,,15.0,0.0,15.0,0.0,1.0,0.0,
180,31,matrix,3,0.92,Local,4,DAG_Task,0,-1,16.95,16.99,,40.0,0.0,0.0,0.0,40.0,,15.0,0.0,15.0,0.0,1.0,0.0,
181,31,matrix,4,0.9,Local,4,DAG_Task,0,-1,16.95,17.0,,50.0,0.0,0.0,0.0,50.0,,15.0,0.0,15.0,0.0,1.0,0.0,
144,25,matrix,2,-1.0,Edge 1,0,DAG_Task,1,1,14.28,17.27,,2990.0,,0.0,986.0,,5.0,15.0,1.0,0.0,300000015.0,0.0,20000001.0,17.27
174,30,lightgbm,2,-0.08,Edge 1,3,DAG_Task,1,1,16.77,17.31,,540.0,,0.0,494.0,,10.0,15.0,1.0,0.0,165750015.0,0.0,11050001.0,17.31
175,30,lightgbm,3,-0.1,Local,3,DAG_Task,0,-1,16.77,17.32,,550.0,0.0,0.0,0.0,550.0,,15.0,0.0,15.0,0.0,1.0,0.0,
183,32,matrix,s,0.98,Edge 1,4,DAG_Task,1,1,17.34,17.35,,10.0,,0.0,2.0,,10.0,0.0,1.0,0.0,150000000.0,0.0,0.0,17.35
184,32,matrix,0,0.94,Edge 1,4,DAG_Task,1,1,17.34,17.37,,30.0,,0.0,10.0,,10.0,10.0,1.0,0.0,150000010.0,0.0,15000001.0,17.37
185,32,matrix,1,0.92,Local,4,DAG_Task,0,-1,17.34,17.38,,40.0,0.0,0.0,0.0,40.0,,15.0,0.0,15.0,0.0,1.0,0.0,
187,32,matrix,3,0.92,Local,4,DAG_Task,0,-1,17.34,17.38,,40.0,0.0,0.0,0.0,40.0,,15.0,0.0,15.0,0.0,1.0,0.0,
179,31,matrix,2,-0.1,Edge 1,4,DAG_Task,1,1,16.95,17.5,,550.0,,0.0,494.0,,10.0,15.0,1.0,0.0,150000015.0,0.0,10000001.0,17.5
182,31,matrix,5,-0.12,Local,4,DAG_Task,0,-1,16.95,17.51,,560.0,0.0,0.0,0.0,560.0,,15.0,0.0,15.0,0.0,1.0,0.0,
145,25,matrix,3,-1.0,Edge 0,0,DAG_Task,1,0,14.28,17.87,,3590.0,,0.0,3546.0,,5.0,15.0,1.0,0.0,300000015.0,0.0,20000001.0,17.87
146,25,matrix,4,-1.0,Local,0,DAG_Task,0,-1,14.28,17.88,,3600.0,0.0,0.0,0.0,3600.0,,15.0,0.0,15.0,0.0,1.0,0.0,
147,25,matrix,5,-1.0,Local,0,DAG_Task,0,-1,14.28,17.89,,3610.0,0.0,0.0,0.0,3610.0,,15.0,0.0,15.0,0.0,1.0,0.0,
186,32,matrix,2,-0.1,Edge 1,4,DAG_Task,1,1,17.34,17.89,,550.0,,0.0,494.0,,10.0,15.0,1.0,0.0,150000015.0,0.0,10000001.0,17.89
190,33,lightgbm,s,0.98,Edge 1,1,DAG_Task,1,1,17.96,17.97,,10.0,,0.0,2.0,,10.0,0.0,1.0,0.0,165750000.0,0.0,0.0,17.97
191,33,lightgbm,0,0.94,Edge 1,1,DAG_Task,1,1,17.96,17.99,,30.0,,0.0,10.0,,10.0,10.0,1.0,0.0,165750010.0,0.0,16575001.0,17.99
192,33,lightgbm,1,0.92,Local,1,DAG_Task,0,-1,17.96,18.0,,40.0,0.0,0.0,0.0,40.0,,15.0,0.0,15.0,0.0,1.0,0.0,
188,32,matrix,4,-1.0,Edge 0,4,DAG_Task,1,0,17.34,18.37,,1030.0,,0.0,974.0,,10.0,15.0,1.0,0.0,150000015.0,0.0,10000001.0,18.37
189,32,matrix,5,-1.0,Local,4,DAG_Task,0,-1,17.34,18.38,,1040.0,0.0,0.0,0.0,1040.0,,15.0,0.0,15.0,0.0,1.0,0.0,
195,34,matrix,s,0.98,Edge 1,5,DAG_Task,1,1,18.46,18.47,,10.0,,0.0,2.0,,10.0,0.0,1.0,0.0,150000000.0,0.0,0.0,18.47
196,34,matrix,0,0.94,Edge 1,5,DAG_Task,1,1,18.46,18.49,,30.0,,0.0,10.0,,10.0,10.0,1.0,0.0,150000010.0,0.0,15000001.0,18.49
197,34,matrix,1,0.92,Local,5,DAG_Task,0,-1,18.46,18.5,,40.0,0.0,0.0,0.0,40.0,,15.0,0.0,15.0,0.0,1.0,0.0,
199,34,matrix,3,0.92,Local,5,DAG_Task,0,-1,18.46,18.5,,40.0,0.0,0.0,0.0,40.0,,15.0,0.0,15.0,0.0,1.0,0.0,
193,33,lightgbm,2,-0.08,Edge 1,1,DAG_Task,1,1,17.96,18.5,,540.0,,0.0,494.0,,10.0,15.0,1.0,0.0,165750015.0,0.0,11050001.0,18.5
194,33,lightgbm,3,-0.1,Local,1,DAG_Task,0,-1,17.96,18.51,,550.0,0.0,0.0,0.0,550.0,,15.0,0.0,15.0,0.0,1.0,0.0,
200,34,matrix,4,0.9,Local,5,DAG_Task,0,-1,18.46,18.51,,50.0,0.0,0.0,0.0,50.0,,15.0,0.0,15.0,0.0,1.0,0.0,
198,34,matrix,2,-0.1,Edge 1,5,DAG_Task,1,1,18.46,19.01,,550.0,,0.0,494.0,,10.0,15.0,1.0,0.0,150000015.0,0.0,10000001.0,19.01
201,34,matrix,5,-0.12,Local,5,DAG_Task,0,-1,18.46,19.02,,560.0,0.0,0.0,0.0,560.0,,15.0,0.0,15.0,0.0,1.0,0.0,
202,35,mapreduce,s,0.98,Edge 1,5,DAG_Task,1,1,19.7,19.71,,10.0,,0.0,2.0,,10.0,0.0,1.0,0.0,901687500.0,0.0,0.0,19.71
203,35,mapreduce,0,0.94,Edge 1,5,DAG_Task,1,1,19.7,19.73,,30.0,,0.0,10.0,,10.0,10.0,1.0,0.0,901687510.0,0.0,90168751.0,19.73
205,35,mapreduce,2,0.92,Local,5,DAG_Task,0,-1,19.7,19.74,,40.0,0.0,0.0,0.0,40.0,,15.0,0.0,15.0,0.0,1.0,0.0,
207,36,matrix,s,0.98,Edge 1,5,DAG_Task,1,1,20.24,20.25,,10.0,,0.0,2.0,,10.0,0.0,1.0,0.0,150000000.0,0.0,0.0,20.25
208,36,matrix,0,0.94,Edge 1,5,DAG_Task,1,1,20.24,20.27,,30.0,,0.0,10.0,,10.0,10.0,1.0,0.0,150000010.0,0.0,15000001.0,20.27
209,36,matrix,1,0.92,Local,5,DAG_Task,0,-1,20.24,20.28,,40.0,0.0,0.0,0.0,40.0,,15.0,0.0,15.0,0.0,1.0,0.0,
211,36,matrix,3,0.92,Local,5,DAG_Task,0,-1,20.24,20.28,,40.0,0.0,0.0,0.0,40.0,,15.0,0.0,15.0,0.0,1.0,0.0,
212,36,matrix,4,0.9,Local,5,DAG_Task,0,-1,20.24,20.29,,50.0,0.0,0.0,0.0,50.0,,15.0,0.0,15.0,0.0,1.0,0.0,
204,35,mapreduce,1,-1.0,Edge 0,5,DAG_Task,1,0,19.7,20.7,,1000.0,,0.0,974.0,,10.0,15.0,1.0,0.0,1136812515.0,0.0,75787501.0,20.7
206,35,mapreduce,3,-1.0,Local,5,DAG_Task,0,-1,19.7,20.71,,1010.0,0.0,0.0,0.0,1010.0,,15.0,0.0,15.0,0.0,1.0,0.0,
210,36,matrix,2,-0.1,Edge 1,5,DAG_Task,1,1,20.24,20.79,,550.0,,0.0,494.0,,10.0,15.0,1.0,0.0,150000015.0,0.0,10000001.0,20.79
213,36,matrix,5,-0.12,Local,5,DAG_Task,0,-1,20.24,20.8,,560.0,0.0,0.0,0.0,560.0,,15.0,0.0,15.0,0.0,1.0,0.0,
214,37,video,s,0.98,Edge 1,3,DAG_Task,1,1,21.8,21.81,,10.0,,0.0,2.0,,10.0,0.0,1.0,0.0,150000000.0,0.0,0.0,21.81
215,37,video,0,0.94,Edge 1,3,DAG_Task,1,1,21.8,21.83,,30.0,,0.0,10.0,,10.0,10.0,1.0,0.0,150000010.0,0.0,15000001.0,21.83
216,37,video,1,0.92,Local,3,DAG_Task,0,-1,21.8,21.84,,40.0,0.0,0.0,0.0,40.0,,15.0,0.0,15.0,0.0,1.0,0.0,
218,37,video,3,0.9,Local,3,DAG_Task,0,-1,21.8,21.85,,50.0,0.0,0.0,0.0,50.0,,15.0,0.0,15.0,0.0,1.0,0.0,
220,38,matrix,s,0.98,Edge 1,2,DAG_Task,1,1,22.19,22.2,,10.0,,0.0,2.0,,10.0,0.0,1.0,0.0,150000000.0,0.0,0.0,22.2
227,39,matrix,s,0.98,Edge 1,2,DAG_Task,1,1,22.21,22.22,,10.0,,0.0,2.0,,5.0,0.0,1.0,0.0,300000000.0,0.0,0.0,22.22
221,38,matrix,0,0.92,Edge 1,2,DAG_Task,1,1,22.19,22.23,,40.0,,0.0,18.0,,5.0,10.0,1.0,0.0,300000010.0,0.0,30000001.0,22.23
222,38,matrix,1,0.9,Local,2,DAG_Task,0,-1,22.19,22.24,,50.0,0.0,0.0,0.0,50.0,,15.0,0.0,15.0,0.0,1.0,0.0,
224,38,matrix,3,0.9,Local,2,DAG_Task,0,-1,22.19,22.24,,50.0,0.0,0.0,0.0,50.0,,15.0,0.0,15.0,0.0,1.0,0.0,
228,39,matrix,0,0.94,Edge 1,2,DAG_Task,1,1,22.21,22.24,,30.0,,0.0,10.0,,10.0,10.0,1.0,0.0,150000010.0,0.0,15000001.0,22.24
225,38,matrix,4,0.88,Local,2,DAG_Task,0,-1,22.19,22.25,,60.0,0.0,0.0,0.0,60.0,,15.0,0.0,15.0,0.0,1.0,0.0,
229,39,matrix,1,0.92,Local,2,DAG_Task,0,-1,22.21,22.25,,40.0,0.0,0.0,0.0,40.0,,15.0,0.0,15.0,0.0,1.0,0.0,
231,39,matrix,3,0.92,Local,2,DAG_Task,0,-1,22.21,22.25,,40.0,0.0,0.0,0.0,40.0,,15.0,0.0,15.0,0.0,1.0,0.0,
230,39,matrix,2,0.9,Local,2,DAG_Task,0,-1,22.21,22.26,,50.0,0.0,0.0,0.0,50.0,,15.0,0.0,15.0,0.0,1.0,0.0,
232,39,matrix,4,0.9,Local,2,DAG_Task,0,-1,22.21,22.26,,50.0,0.0,0.0,0.0,50.0,,15.0,0.0,15.0,0.0,1.0,0.0,
233,39,matrix,5,0.88,Local,2,DAG_Task,0,-1,22.21,22.27,,60.0,0.0,0.0,0.0,60.0,,15.0,0.0,15.0,0.0,1.0,0.0,
217,37,video,2,-0.08,Edge 1,3,DAG_Task,1,1,21.8,22.34,,540.0,,0.0,494.0,,10.0,15.0,1.0,0.0,150000015.0,0.0,10000001.0,22.34
219,37,video,4,-0.1,Local,3,DAG_Task,0,-1,21.8,22.35,,550.0,0.0,0.0,0.0,550.0,,15.0,0.0,15.0,0.0,1.0,0.0,
223,38,matrix,2,-0.12,Edge 1,2,DAG_Task,1,1,22.19,22.75,,560.0,,0.0,494.0,,10.0,15.0,1.0,0.0,150000015.0,0.0,10000001.0,22.75
226,38,matrix,5,-0.14,Local,2,DAG_Task,0,-1,22.19,22.76,,570.0,0.0,0.0,0.0,570.0,,15.0,0.0,15.0,0.0,1.0,0.0,
234,40,lightgbm,s,0.98,Edge 1,3,DAG_Task,1,1,23.28,23.29,,10.0,,0.0,2.0,,10.0,0.0,1.0,0.0,165750000.0,0.0,0.0,23.29
235,40,lightgbm,0,0.94,Edge 1,3,DAG_Task,1,1,23.28,23.31,,30.0,,0.0,10.0,,10.0,10.0,1.0,0.0,165750010.0,0.0,16575001.0,23.31
236,40,lightgbm,1,0.92,Local,3,DAG_Task,0,-1,23.28,23.32,,40.0,0.0,0.0,0.0,40.0,,15.0,0.0,15.0,0.0,1.0,0.0,
237,40,lightgbm,2,-0.08,Edge 1,3,DAG_Task,1,1,23.28,23.82,,540.0,,0.0,494.0,,10.0,15.0,1.0,0.0,165750015.0,0.0,11050001.0,23.82
238,40,lightgbm,3,-0.1,Local,3,DAG_Task,0,-1,23.28,23.83,,550.0,0.0,0.0,0.0,550.0,,15.0,0.0,15.0,0.0,1.0,0.0,
239,41,matrix,s,0.98,Edge 1,0,DAG_Task,1,1,24.53,24.54,,10.0,,0.0,2.0,,10.0,0.0,1.0,0.0,150000000.0,0.0,0.0,24.54
240,41,matrix,0,0.94,Edge 0,0,DAG_Task,1,0,24.53,24.56,,30.0,,0.0,10.0,,10.0,10.0,1.0,0.0,150000010.0,0.0,15000001.0,24.56
241,41,matrix,1,0.92,Local,0,DAG_Task,0,-1,24.53,24.57,,40.0,0.0,0.0,0.0,40.0,,15.0,0.0,15.0,0.0,1.0,0.0,
246,42,video,s,0.98,Edge 1,4,DAG_Task,1,1,24.56,24.57,,10.0,,0.0,2.0,,10.0,0.0,1.0,0.0,150000000.0,0.0,0.0,24.57
247,42,video,0,0.92,Edge 1,4,DAG_Task,1,1,24.56,24.6,,40.0,,0.0,18.0,,5.0,10.0,1.0,0.0,300000010.0,0.0,30000001.0,24.6
248,42,video,1,0.9,Local,4,DAG_Task,0,-1,24.56,24.61,,50.0,0.0,0.0,0.0,50.0,,15.0,0.0,15.0,0.0,1.0,0.0,
250,42,video,3,0.88,Local,4,DAG_Task,0,-1,24.56,24.62,,60.0,0.0,0.0,0.0,60.0,,15.0,0.0,15.0,0.0,1.0,0.0,
252,43,video,s,0.98,Edge 1,2,DAG_Task,1,1,24.61,24.62,,10.0,,0.0,2.0,,5.0,0.0,1.0,0.0,300000000.0,0.0,0.0,24.62
253,43,video,0,0.94,Edge 1,2,DAG_Task,1,1,24.61,24.64,,30.0,,0.0,10.0,,10.0,10.0,1.0,0.0,150000010.0,0.0,15000001.0,24.64
254,43,video,1,0.92,Local,2,DAG_Task,0,-1,24.61,24.65,,40.0,0.0,0.0,0.0,40.0,,15.0,0.0,15.0,0.0,1.0,0.0,
256,43,video,3,0.9,Local,2,DAG_Task,0,-1,24.61,24.66,,50.0,0.0,0.0,0.0,50.0,,15.0,0.0,15.0,0.0,1.0,0.0,
258,44,mapreduce,s,0.98,Edge 1,1,DAG_Task,1,1,24.7,24.71,,10.0,,0.0,2.0,,10.0,0.0,1.0,0.0,901687500.0,0.0,0.0,24.71
260,44,mapreduce,1,0.96,Local,1,DAG_Task,0,-1,24.7,24.72,,20.0,0.0,0.0,0.0,20.0,,15.0,0.0,15.0,0.0,1.0,0.0,
262,44,mapreduce,3,0.94,Local,1,DAG_Task,0,-1,24.7,24.73,,30.0,0.0,0.0,0.0,30.0,,15.0,0.0,15.0,0.0,1.0,0.0,
259,44,mapreduce,0,0.94,Edge 1,1,DAG_Task,1,1,24.7,24.73,,30.0,,0.0,10.0,,10.0,10.0,1.0,0.0,901687510.0,0.0,90168751.0,24.73
263,45,video,s,0.98,Edge 1,3,DAG_Task,1,1,24.82,24.83,,10.0,,0.0,2.0,,10.0,0.0,1.0,0.0,150000000.0,0.0,0.0,24.83
264,45,video,0,0.94,Edge 1,3,DAG_Task,1,1,24.82,24.85,,30.0,,0.0,10.0,,10.0,10.0,1.0,0.0,150000010.0,0.0,15000001.0,24.85
265,45,video,1,0.92,Local,3,DAG_Task,0,-1,24.82,24.86,,40.0,0.0,0.0,0.0,40.0,,15.0,0.0,15.0,0.0,1.0,0.0,
266,45,video,2,0.92,Local,3,DAG_Task,0,-1,24.82,24.86,,40.0,0.0,0.0,0.0,40.0,,15.0,0.0,15.0,0.0,1.0,0.0,
267,45,video,3,0.9,Local,3,DAG_Task,0,-1,24.82,24.87,,50.0,0.0,0.0,0.0,50.0,,15.0,0.0,15.0,0.0,1.0,0.0,
268,45,video,4,0.9,Local,3,DAG_Task,0,-1,24.82,24.87,,50.0,0.0,0.0,0.0,50.0,,15.0,0.0,15.0,0.0,1.0,0.0,
269,46,lightgbm,s,0.98,Edge 1,0,DAG_Task,1,1,24.88,24.89,,10.0,,0.0,2.0,,10.0,0.0,1.0,0.0,165750000.0,0.0,0.0,24.89
270,46,lightgbm,0,0.94,Edge 1,0,DAG_Task,1,1,24.88,24.91,,30.0,,0.0,10.0,,10.0,10.0,1.0,0.0,165750010.0,0.0,16575001.0,24.91
271,46,lightgbm,1,0.92,Local,0,DAG_Task,0,-1,24.88,24.92,,40.0,0.0,0.0,0.0,40.0,,15.0,0.0,15.0,0.0,1.0,0.0,
255,43,video,2,-0.08,Edge 1,2,DAG_Task,1,1,24.61,25.15,,540.0,,0.0,494.0,,10.0,15.0,1.0,0.0,150000015.0,0.0,10000001.0,25.15
257,43,video,4,-0.1,Local,2,DAG_Task,0,-1,24.61,25.16,,550.0,0.0,0.0,0.0,550.0,,15.0,0.0,15.0,0.0,1.0,0.0,
261,44,mapreduce,2,-0.08,Edge 1,1,DAG_Task,1,1,24.7,25.24,,540.0,,0.0,494.0,,10.0,15.0,1.0,0.0,901687515.0000001,0.0,60112501.0,25.24
272,46,lightgbm,2,-0.08,Edge 1,0,DAG_Task,1,1,24.88,25.42,,540.0,,0.0,494.0,,10.0,15.0,1.0,0.0,165750015.0,0.0,11050001.0,25.42
273,46,lightgbm,3,-0.1,Local,0,DAG_Task,0,-1,24.88,25.43,,550.0,0.0,0.0,0.0,550.0,,15.0,0.0,15.0,0.0,1.0,0.0,
242,41,matrix,2,-1.0,Edge 1,0,DAG_Task,1,1,24.53,25.57,,1040.0,,0.0,986.0,,5.0,15.0,1.0,0.0,300000015.0,0.0,20000001.0,25.57
249,42,video,2,-1.0,Edge 1,4,DAG_Task,1,1,24.56,25.6,,1040.0,,0.0,986.0,,5.0,15.0,1.0,0.0,300000015.0,0.0,20000001.0,25.6
251,42,video,4,-1.0,Local,4,DAG_Task,0,-1,24.56,25.61,,1050.0,0.0,0.0,0.0,1050.0,,15.0,0.0,15.0,0.0,1.0,0.0,
274,47,mapreduce,s,0.98,Edge 1,5,DAG_Task,1,1,25.77,25.78,,10.0,,0.0,2.0,,10.0,0.0,1.0,0.0,901687500.0,0.0,0.0,25.78
276,47,mapreduce,1,0.96,Local,5,DAG_Task,0,-1,25.77,25.79,,20.0,0.0,0.0,0.0,20.0,,15.0,0.0,15.0,0.0,1.0,0.0,
278,47,mapreduce,3,0.94,Local,5,DAG_Task,0,-1,25.77,25.8,,30.0,0.0,0.0,0.0,30.0,,15.0,0.0,15.0,0.0,1.0,0.0,
275,47,mapreduce,0,0.94,Edge 1,5,DAG_Task,1,1,25.77,25.8,,30.0,,0.0,10.0,,10.0,10.0,1.0,0.0,901687510.0,0.0,90168751.0,25.8
279,48,video,s,0.98,Edge 1,5,DAG_Task,1,1,25.89,25.9,,10.0,,0.0,2.0,,10.0,0.0,1.0,0.0,150000000.0,0.0,0.0,25.9
280,48,video,0,0.94,Edge 1,5,DAG_Task,1,1,25.89,25.92,,30.0,,0.0,10.0,,10.0,10.0,1.0,0.0,150000010.0,0.0,15000001.0,25.92
281,48,video,1,0.92,Local,5,DAG_Task,0,-1,25.89,25.93,,40.0,0.0,0.0,0.0,40.0,,15.0,0.0,15.0,0.0,1.0,0.0,
283,48,video,3,0.9,Local,5,DAG_Task,0,-1,25.89,25.94,,50.0,0.0,0.0,0.0,50.0,,15.0,0.0,15.0,0.0,1.0,0.0,
285,49,lightgbm,s,0.98,Edge 1,1,DAG_Task,1,1,26.03,26.04,,10.0,,0.0,2.0,,10.0,0.0,1.0,0.0,165750000.0,0.0,0.0,26.04
286,49,lightgbm,0,0.94,Edge 1,1,DAG_Task,1,1,26.03,26.06,,30.0,,0.0,10.0,,10.0,10.0,1.0,0.0,165750010.0,0.0,16575001.0,26.06
287,49,lightgbm,1,0.92,Local,1,DAG_Task,0,-1,26.03,26.07,,40.0,0.0,0.0,0.0,40.0,,15.0,0.0,15.0,0.0,1.0,0.0,
290,50,mapreduce,s,0.98,Edge 1,4,DAG_Task,1,1,26.11,26.12,,10.0,,0.0,2.0,,10.0,0.0,1.0,0.0,901687500.0,0.0,0.0,26.12
292,50,mapreduce,1,0.96,Local,4,DAG_Task,0,-1,26.11,26.13,,20.0,0.0,0.0,0.0,20.0,,15.0,0.0,15.0,0.0,1.0,0.0,
294,50,mapreduce,3,0.94,Local,4,DAG_Task,0,-1,26.11,26.14,,30.0,0.0,0.0,0.0,30.0,,15.0,0.0,15.0,0.0,1.0,0.0,
291,50,mapreduce,0,0.94,Edge 1,4,DAG_Task,1,1,26.11,26.14,,30.0,,0.0,10.0,,10.0,10.0,1.0,0.0,901687510.0,0.0,90168751.0,26.14
295,51,matrix,s,0.98,Edge 1,5,DAG_Task,1,1,26.14,26.15,,10.0,,0.0,2.0,,10.0,0.0,1.0,0.0,150000000.0,0.0,0.0,26.15
296,51,matrix,0,0.94,Edge 1,5,DAG_Task,1,1,26.14,26.17,,30.0,,0.0,10.0,,10.0,10.0,1.0,0.0,150000010.0,0.0,15000001.0,26.17
297,51,matrix,1,0.92,Local,5,DAG_Task,0,-1,26.14,26.18,,40.0,0.0,0.0,0.0,40.0,,15.0,0.0,15.0,0.0,1.0,0.0,
299,51,matrix,3,0.92,Local,5,DAG_Task,0,-1,26.14,26.18,,40.0,0.0,0.0,0.0,40.0,,15.0,0.0,15.0,0.0,1.0,0.0,
300,51,matrix,4,0.9,Local,5,DAG_Task,0,-1,26.14,26.19,,50.0,0.0,0.0,0.0,50.0,,15.0,0.0,15.0,0.0,1.0,0.0,
277,47,mapreduce,2,-0.08,Edge 1,5,DAG_Task,1,1,25.77,26.31,,540.0,,0.0,494.0,,10.0,15.0,1.0,0.0,901687515.0000001,0.0,60112501.0,26.31
243,41,matrix,3,-1.0,Edge 1,0,DAG_Task,1,1,24.53,26.35,,1820.0,,0.0,1774.0,,10.0,15.0,1.0,0.0,150000015.0,0.0,10000001.0,26.35
244,41,matrix,4,-1.0,Local,0,DAG_Task,0,-1,24.53,26.36,,1830.0,0.0,0.0,0.0,1830.0,,15.0,0.0,15.0,0.0,1.0,0.0,
245,41,matrix,5,-1.0,Local,0,DAG_Task,0,-1,24.53,26.37,,1840.0,0.0,0.0,0.0,1840.0,,15.0,0.0,15.0,0.0,1.0,0.0,
309,53,mapreduce,s,0.98,Edge 1,5,DAG_Task,1,1,26.37,26.38,,10.0,,0.0,2.0,,10.0,0.0,1.0,0.0,901687500.0,0.0,0.0,26.38
311,53,mapreduce,1,0.96,Local,5,DAG_Task,0,-1,26.37,26.39,,20.0,0.0,0.0,0.0,20.0,,15.0,0.0,15.0,0.0,1.0,0.0,
313,53,mapreduce,3,0.94,Local,5,DAG_Task,0,-1,26.37,26.4,,30.0,0.0,0.0,0.0,30.0,,15.0,0.0,15.0,0.0,1.0,0.0,
310,53,mapreduce,0,0.94,Edge 1,5,DAG_Task,1,1,26.37,26.4,,30.0,,0.0,10.0,,10.0,10.0,1.0,0.0,901687510.0,0.0,90168751.0,26.4
282,48,video,2,-0.08,Edge 1,5,DAG_Task,1,1,25.89,26.43,,540.0,,0.0,494.0,,10.0,15.0,1.0,0.0,150000015.0,0.0,10000001.0,26.43
284,48,video,4,-0.1,Local,5,DAG_Task,0,-1,25.89,26.44,,550.0,0.0,0.0,0.0,550.0,,15.0,0.0,15.0,0.0,1.0,0.0,
314,54,matrix,s,0.98,Edge 1,4,DAG_Task,1,1,26.51,26.52,,10.0,,0.0,2.0,,10.0,0.0,1.0,0.0,150000000.0,0.0,0.0,26.52
315,54,matrix,0,0.94,Edge 1,4,DAG_Task,1,1,26.51,26.54,,30.0,,0.0,10.0,,10.0,10.0,1.0,0.0,150000010.0,0.0,15000001.0,26.54
316,54,matrix,1,0.92,Local,4,DAG_Task,0,-1,26.51,26.55,,40.0,0.0,0.0,0.0,40.0,,15.0,0.0,15.0,0.0,1.0,0.0,
318,54,matrix,3,0.92,Local,4,DAG_Task,0,-1,26.51,26.55,,40.0,0.0,0.0,0.0,40.0,,15.0,0.0,15.0,0.0,1.0,0.0,
319,54,matrix,4,0.9,Local,4,DAG_Task,0,-1,26.51,26.56,,50.0,0.0,0.0,0.0,50.0,,15.0,0.0,15.0,0.0,1.0,0.0,
288,49,lightgbm,2,-0.08,Edge 1,1,DAG_Task,1,1,26.03,26.57,,540.0,,0.0,494.0,,10.0,15.0,1.0,0.0,165750015.0,0.0,11050001.0,26.57
289,49,lightgbm,3,-0.1,Local,1,DAG_Task,0,-1,26.03,26.58,,550.0,0.0,0.0,0.0,550.0,,15.0,0.0,15.0,0.0,1.0,0.0,
293,50,mapreduce,2,-0.08,Edge 1,4,DAG_Task,1,1,26.11,26.65,,540.0,,0.0,494.0,,10.0,15.0,1.0,0.0,901687515.0000001,0.0,60112501.0,26.65
298,51,matrix,2,-0.1,Edge 1,5,DAG_Task,1,1,26.14,26.69,,550.0,,0.0,494.0,,10.0,15.0,1.0,0.0,150000015.0,0.0,10000001.0,26.69
301,51,matrix,5,-0.12,Local,5,DAG_Task,0,-1,26.14,26.7,,560.0,0.0,0.0,0.0,560.0,,15.0,0.0,15.0,0.0,1.0,0.0,
312,53,mapreduce,2,-0.08,Edge 1,5,DAG_Task,1,1,26.37,26.91,,540.0,,0.0,494.0,,10.0,15.0,1.0,0.0,901687515.0000001,0.0,60112501.0,26.91
317,54,matrix,2,-0.1,Edge 1,4,DAG_Task,1,1,26.51,27.06,,550.0,,0.0,494.0,,10.0,15.0,1.0,0.0,150000015.0,0.0,10000001.0,27.06
320,54,matrix,5,-0.12,Local,4,DAG_Task,0,-1,26.51,27.07,,560.0,0.0,0.0,0.0,560.0,,15.0,0.0,15.0,0.0,1.0,0.0,
321,55,lightgbm,s,0.98,Edge 1,5,DAG_Task,1,1,27.17,27.18,,10.0,,0.0,2.0,,10.0,0.0,1.0,0.0,165750000.0,0.0,0.0,27.18
322,55,lightgbm,0,0.94,Edge 0,5,DAG_Task,1,0,27.17,27.2,,30.0,,0.0,10.0,,10.0,10.0,1.0,0.0,229125010.0,0.0,22912501.0,27.2
323,55,lightgbm,1,0.92,Local,5,DAG_Task,0,-1,27.17,27.21,,40.0,0.0,0.0,0.0,40.0,,15.0,0.0,15.0,0.0,1.0,0.0,
324,55,lightgbm,2,-0.08,Edge 1,5,DAG_Task,1,1,27.17,27.71,,540.0,,0.0,494.0,,10.0,15.0,1.0,0.0,165750015.0,0.0,11050001.0,27.71
325,55,lightgbm,3,-0.1,Local,5,DAG_Task,0,-1,27.17,27.72,,550.0,0.0,0.0,0.0,550.0,,15.0,0.0,15.0,0.0,1.0,0.0,
326,56,lightgbm,s,0.98,Edge 1,1,DAG_Task,1,1,28.34,28.35,,10.0,,0.0,2.0,,10.0,0.0,1.0,0.0,165750000.0,0.0,0.0,28.35
327,56,lightgbm,0,0.94,Edge 1,1,DAG_Task,1,1,28.34,28.37,,30.0,,0.0,10.0,,10.0,10.0,1.0,0.0,165750010.0,0.0,16575001.0,28.37
328,56,lightgbm,1,0.92,Local,1,DAG_Task,0,-1,28.34,28.38,,40.0,0.0,0.0,0.0,40.0,,15.0,0.0,15.0,0.0,1.0,0.0,
331,57,matrix,s,0.98,Edge 1,5,DAG_Task,1,1,28.67,28.68,,10.0,,0.0,2.0,,10.0,0.0,1.0,0.0,150000000.0,0.0,0.0,28.68
332,57,matrix,0,0.94,Edge 1,5,DAG_Task,1,1,28.67,28.7,,30.0,,0.0,10.0,,10.0,10.0,1.0,0.0,150000010.0,0.0,15000001.0,28.7
333,57,matrix,1,0.92,Local,5,DAG_Task,0,-1,28.67,28.71,,40.0,0.0,0.0,0.0,40.0,,15.0,0.0,15.0,0.0,1.0,0.0,
335,57,matrix,3,0.92,Local,5,DAG_Task,0,-1,28.67,28.71,,40.0,0.0,0.0,0.0,40.0,,15.0,0.0,15.0,0.0,1.0,0.0,
336,57,matrix,4,0.9,Local,5,DAG_Task,0,-1,28.67,28.72,,50.0,0.0,0.0,0.0,50.0,,15.0,0.0,15.0,0.0,1.0,0.0,
329,56,lightgbm,2,-0.08,Edge 1,1,DAG_Task,1,1,28.34,28.88,,540.0,,0.0,494.0,,10.0,15.0,1.0,0.0,165750015.0,0.0,11050001.0,28.88
330,56,lightgbm,3,-0.1,Local,1,DAG_Task,0,-1,28.34,28.89,,550.0,0.0,0.0,0.0,550.0,,15.0,0.0,15.0,0.0,1.0,0.0,
334,57,matrix,2,-0.1,Edge 1,5,DAG_Task,1,1,28.67,29.22,,550.0,,0.0,494.0,,10.0,15.0,1.0,0.0,150000015.0,0.0,10000001.0,29.22
337,57,matrix,5,-0.12,Local,5,DAG_Task,0,-1,28.67,29.23,,560.0,0.0,0.0,0.0,560.0,,15.0,0.0,15.0,0.0,1.0,0.0,
345,59,lightgbm,s,0.98,Edge 1,3,DAG_Task,1,1,30.83,30.84,,10.0,,0.0,2.0,,10.0,0.0,1.0,0.0,165750000.0,0.0,0.0,30.84
346,59,lightgbm,0,0.94,Edge 1,3,DAG_Task,1,1,30.83,30.86,,30.0,,0.0,10.0,,10.0,10.0,1.0,0.0,165750010.0,0.0,16575001.0,30.86
347,59,lightgbm,1,0.92,Local,3,DAG_Task,0,-1,30.83,30.87,,40.0,0.0,0.0,0.0,40.0,,15.0,0.0,15.0,0.0,1.0,0.0,
348,59,lightgbm,2,-0.08,Edge 1,3,DAG_Task,1,1,30.83,31.37,,540.0,,0.0,494.0,,10.0,15.0,1.0,0.0,165750015.0,0.0,11050001.0,31.37
349,59,lightgbm,3,-0.1,Local,3,DAG_Task,0,-1,30.83,31.38,,550.0,0.0,0.0,0.0,550.0,,15.0,0.0,15.0,0.0,1.0,0.0,
350,60,lightgbm,s,0.98,Edge 1,4,DAG_Task,1,1,31.56,31.57,,10.0,,0.0,2.0,,10.0,0.0,1.0,0.0,165750000.0,0.0,0.0,31.57
351,60,lightgbm,0,0.94,Edge 1,4,DAG_Task,1,1,31.56,31.59,,30.0,,0.0,10.0,,10.0,10.0,1.0,0.0,165750010.0,0.0,16575001.0,31.59
352,60,lightgbm,1,0.92,Local,4,DAG_Task,0,-1,31.56,31.6,,40.0,0.0,0.0,0.0,40.0,,15.0,0.0,15.0,0.0,1.0,0.0,
353,60,lightgbm,2,-0.08,Edge 1,4,DAG_Task,1,1,31.56,32.1,,540.0,,0.0,494.0,,10.0,15.0,1.0,0.0,165750015.0,0.0,11050001.0,32.1
354,60,lightgbm,3,-0.1,Local,4,DAG_Task,0,-1,31.56,32.11,,550.0,0.0,0.0,0.0,550.0,,15.0,0.0,15.0,0.0,1.0,0.0,
355,61,video,s,0.98,Edge 0,1,DAG_Task,1,0,32.58,32.59,,10.0,,0.0,2.0,,10.0,0.0,1.0,0.0,150000000.0,0.0,0.0,32.59
361,62,lightgbm,s,0.98,Edge 1,3,DAG_Task,1,1,32.58,32.59,,10.0,,0.0,2.0,,10.0,0.0,1.0,0.0,165750000.0,0.0,0.0,32.59
356,61,video,0,0.92,Edge 1,1,DAG_Task,1,1,32.58,32.62,,40.0,,0.0,18.0,,5.0,10.0,1.0,0.0,300000010.0,0.0,30000001.0,32.62
362,62,lightgbm,0,0.92,Edge 1,3,DAG_Task,1,1,32.58,32.62,,40.0,,0.0,18.0,,5.0,10.0,1.0,0.0,237375010.0,0.0,23737501.0,32.62
357,61,video,1,0.9,Local,1,DAG_Task,0,-1,32.58,32.63,,50.0,0.0,0.0,0.0,50.0,,15.0,0.0,15.0,0.0,1.0,0.0,
359,61,video,3,0.88,Local,1,DAG_Task,0,-1,32.58,32.64,,60.0,0.0,0.0,0.0,60.0,,15.0,0.0,15.0,0.0,1.0,0.0,
363,62,lightgbm,1,-1.0,Edge 0,3,DAG_Task,1,0,32.58,33.61,,1030.0,,0.0,974.0,,10.0,15.0,1.0,0.0,229125015.0,0.0,15275001.0,33.61
358,61,video,2,-1.0,Edge 1,1,DAG_Task,1,1,32.58,33.62,,1040.0,,0.0,986.0,,5.0,15.0,1.0,0.0,300000015.0,0.0,20000001.0,33.62
364,62,lightgbm,2,-1.0,Edge 1,3,DAG_Task,1,1,32.58,33.62,,1040.0,,0.0,986.0,,5.0,15.0,1.0,0.0,237375015.0,0.0,15825001.0,33.62
360,61,video,4,-1.0,Local,1,DAG_Task,0,-1,32.58,33.63,,1050.0,0.0,0.0,0.0,1050.0,,15.0,0.0,15.0,0.0,1.0,0.0,
366,63,mapreduce,s,0.98,Edge 1,5,DAG_Task,1,1,34.13,34.14,,10.0,,0.0,2.0,,10.0,0.0,1.0,0.0,901687500.0,0.0,0.0,34.14
368,63,mapreduce,1,0.96,Local,5,DAG_Task,0,-1,34.13,34.15,,20.0,0.0,0.0,0.0,20.0,,15.0,0.0,15.0,0.0,1.0,0.0,
370,63,mapreduce,3,0.94,Local,5,DAG_Task,0,-1,34.13,34.16,,30.0,0.0,0.0,0.0,30.0,,15.0,0.0,15.0,0.0,1.0,0.0,
367,63,mapreduce,0,0.94,Edge 1,5,DAG_Task,1,1,34.13,34.16,,30.0,,0.0,10.0,,10.0,10.0,1.0,0.0,901687510.0,0.0,90168751.0,34.16
371,64,matrix,s,0.98,Edge 1,2,DAG_Task,1,1,34.52,34.53,,10.0,,0.0,2.0,,10.0,0.0,1.0,0.0,150000000.0,0.0,0.0,34.53
372,64,matrix,0,0.94,Edge 1,2,DAG_Task,1,1,34.52,34.55,,30.0,,0.0,10.0,,10.0,10.0,1.0,0.0,150000010.0,0.0,15000001.0,34.55
373,64,matrix,1,0.92,Local,2,DAG_Task,0,-1,34.52,34.56,,40.0,0.0,0.0,0.0,40.0,,15.0,0.0,15.0,0.0,1.0,0.0,
375,64,matrix,3,0.92,Local,2,DAG_Task,0,-1,34.52,34.56,,40.0,0.0,0.0,0.0,40.0,,15.0,0.0,15.0,0.0,1.0,0.0,
376,64,matrix,4,0.9,Local,2,DAG_Task,0,-1,34.52,34.57,,50.0,0.0,0.0,0.0,50.0,,15.0,0.0,15.0,0.0,1.0,0.0,
378,65,mapreduce,s,0.98,Edge 1,3,DAG_Task,1,1,34.64,34.65,,10.0,,0.0,2.0,,10.0,0.0,1.0,0.0,901687500.0,0.0,0.0,34.65
380,65,mapreduce,1,0.96,Local,3,DAG_Task,0,-1,34.64,34.66,,20.0,0.0,0.0,0.0,20.0,,15.0,0.0,15.0,0.0,1.0,0.0,
382,65,mapreduce,3,0.94,Local,3,DAG_Task,0,-1,34.64,34.67,,30.0,0.0,0.0,0.0,30.0,,15.0,0.0,15.0,0.0,1.0,0.0,
369,63,mapreduce,2,-0.08,Edge 1,5,DAG_Task,1,1,34.13,34.67,,540.0,,0.0,494.0,,10.0,15.0,1.0,0.0,901687515.0000001,0.0,60112501.0,34.67
379,65,mapreduce,0,0.94,Edge 1,3,DAG_Task,1,1,34.64,34.67,,30.0,,0.0,10.0,,10.0,10.0,1.0,0.0,901687510.0,0.0,90168751.0,34.67
383,66,video,s,0.98,Edge 1,5,DAG_Task,1,1,34.78,34.79,,10.0,,0.0,2.0,,10.0,0.0,1.0,0.0,150000000.0,0.0,0.0,34.79
384,66,video,0,0.94,Edge 1,5,DAG_Task,1,1,34.78,34.81,,30.0,,0.0,10.0,,10.0,10.0,1.0,0.0,150000010.0,0.0,15000001.0,34.81
385,66,video,1,0.92,Local,5,DAG_Task,0,-1,34.78,34.82,,40.0,0.0,0.0,0.0,40.0,,15.0,0.0,15.0,0.0,1.0,0.0,
387,66,video,3,0.9,Local,5,DAG_Task,0,-1,34.78,34.83,,50.0,0.0,0.0,0.0,50.0,,15.0,0.0,15.0,0.0,1.0,0.0,
389,67,matrix,s,0.98,Edge 1,2,DAG_Task,1,1,34.92,34.93,,10.0,,0.0,2.0,,10.0,0.0,1.0,0.0,150000000.0,0.0,0.0,34.93
396,68,mapreduce,s,0.98,Edge 1,3,DAG_Task,1,1,34.93,34.94,,10.0,,0.0,2.0,,10.0,0.0,1.0,0.0,901687500.0,0.0,0.0,34.94
398,68,mapreduce,1,0.96,Local,3,DAG_Task,0,-1,34.93,34.95,,20.0,0.0,0.0,0.0,20.0,,15.0,0.0,15.0,0.0,1.0,0.0,
390,67,matrix,0,0.94,Edge 1,2,DAG_Task,1,1,34.92,34.95,,30.0,,0.0,10.0,,10.0,10.0,1.0,0.0,150000010.0,0.0,15000001.0,34.95
391,67,matrix,1,0.92,Local,2,DAG_Task,0,-1,34.92,34.96,,40.0,0.0,0.0,0.0,40.0,,15.0,0.0,15.0,0.0,1.0,0.0,
393,67,matrix,3,0.92,Local,2,DAG_Task,0,-1,34.92,34.96,,40.0,0.0,0.0,0.0,40.0,,15.0,0.0,15.0,0.0,1.0,0.0,
397,68,mapreduce,0,0.94,Edge 1,3,DAG_Task,1,1,34.93,34.96,,30.0,,0.0,10.0,,10.0,10.0,1.0,0.0,901687510.0,0.0,90168751.0,34.96
394,67,matrix,4,0.9,Local,2,DAG_Task,0,-1,34.92,34.97,,50.0,0.0,0.0,0.0,50.0,,15.0,0.0,15.0,0.0,1.0,0.0,
374,64,matrix,2,-0.1,Edge 0,2,DAG_Task,1,0,34.52,35.07,,550.0,,0.0,494.0,,10.0,15.0,1.0,0.0,150000015.0,0.0,10000001.0,35.07
377,64,matrix,5,-0.12,Local,2,DAG_Task,0,-1,34.52,35.08,,560.0,0.0,0.0,0.0,560.0,,15.0,0.0,15.0,0.0,1.0,0.0,
381,65,mapreduce,2,-0.08,Edge 1,3,DAG_Task,1,1,34.64,35.18,,540.0,,0.0,494.0,,10.0,15.0,1.0,0.0,901687515.0000001,0.0,60112501.0,35.18
401,69,lightgbm,s,0.98,Edge 0,2,DAG_Task,1,0,35.2,35.21,,10.0,,0.0,2.0,,10.0,0.0,1.0,0.0,229125000.0,0.0,0.0,35.21
402,69,lightgbm,0,0.94,Edge 1,2,DAG_Task,1,1,35.2,35.23,,30.0,,0.0,10.0,,10.0,10.0,1.0,0.0,165750010.0,0.0,16575001.0,35.23
403,69,lightgbm,1,0.92,Local,2,DAG_Task,0,-1,35.2,35.24,,40.0,0.0,0.0,0.0,40.0,,15.0,0.0,15.0,0.0,1.0,0.0,
386,66,video,2,-0.08,Edge 1,5,DAG_Task,1,1,34.78,35.32,,540.0,,0.0,494.0,,10.0,15.0,1.0,0.0,150000015.0,0.0,10000001.0,35.32
388,66,video,4,-0.1,Local,5,DAG_Task,0,-1,34.78,35.33,,550.0,0.0,0.0,0.0,550.0,,15.0,0.0,15.0,0.0,1.0,0.0,
365,62,lightgbm,3,-1.0,Edge 1,3,DAG_Task,1,1,32.58,35.41,,2830.0,,0.0,1774.0,,10.0,15.0,1.0,0.0,165750015.0,0.0,11050001.0,35.41
411,71,video,s,0.98,Edge 0,1,DAG_Task,1,0,35.51,35.52,,10.0,,0.0,2.0,,10.0,0.0,1.0,0.0,150000000.0,0.0,0.0,35.52
412,71,video,0,0.94,Edge 1,1,DAG_Task,1,1,35.51,35.54,,30.0,,0.0,10.0,,10.0,10.0,1.0,0.0,150000010.0,0.0,15000001.0,35.54
413,71,video,1,0.92,Local,1,DAG_Task,0,-1,35.51,35.55,,40.0,0.0,0.0,0.0,40.0,,15.0,0.0,15.0,0.0,1.0,0.0,
415,71,video,3,0.9,Local,1,DAG_Task,0,-1,35.51,35.56,,50.0,0.0,0.0,0.0,50.0,,15.0,0.0,15.0,0.0,1.0,0.0,
404,69,lightgbm,2,-0.08,Edge 1,2,DAG_Task,1,1,35.2,35.74,,540.0,,0.0,494.0,,10.0,15.0,1.0,0.0,165750015.0,0.0,11050001.0,35.74
405,69,lightgbm,3,-0.1,Local,2,DAG_Task,0,-1,35.2,35.75,,550.0,0.0,0.0,0.0,550.0,,15.0,0.0,15.0,0.0,1.0,0.0,
392,67,matrix,2,-1.0,Edge 1,2,DAG_Task,1,1,34.92,35.96,,1040.0,,0.0,986.0,,5.0,15.0,1.0,0.0,300000015.0,0.0,20000001.0,35.96
399,68,mapreduce,2,-1.0,Edge 1,3,DAG_Task,1,1,34.93,35.96,,1030.0,,0.0,986.0,,5.0,15.0,1.0,0.0,910312515.0,0.0,60687501.0,35.96
414,71,video,2,-0.08,Edge 1,1,DAG_Task,1,1,35.51,36.05,,540.0,,0.0,494.0,,10.0,15.0,1.0,0.0,150000015.0,0.0,10000001.0,36.05
416,71,video,4,-0.1,Local,1,DAG_Task,0,-1,35.51,36.06,,550.0,0.0,0.0,0.0,550.0,,15.0,0.0,15.0,0.0,1.0,0.0,
417,72,mapreduce,s,0.98,Edge 1,1,DAG_Task,1,1,36.59,36.6,,10.0,,0.0,2.0,,10.0,0.0,1.0,0.0,901687500.0,0.0,0.0,36.6
419,72,mapreduce,1,0.96,Local,1,DAG_Task,0,-1,36.59,36.61,,20.0,0.0,0.0,0.0,20.0,,15.0,0.0,15.0,0.0,1.0,0.0,
422,73,mapreduce,s,0.98,Edge 1,4,DAG_Task,1,1,36.6,36.61,,10.0,,0.0,2.0,,10.0,0.0,1.0,0.0,901687500.0,0.0,0.0,36.61
421,72,mapreduce,3,0.94,Local,1,DAG_Task,0,-1,36.59,36.62,,30.0,0.0,0.0,0.0,30.0,,15.0,0.0,15.0,0.0,1.0,0.0,
424,73,mapreduce,1,0.96,Local,4,DAG_Task,0,-1,36.6,36.62,,20.0,0.0,0.0,0.0,20.0,,15.0,0.0,15.0,0.0,1.0,0.0,
427,74,mapreduce,s,0.98,Edge 1,2,DAG_Task,1,1,36.61,36.62,,10.0,,0.0,2.0,,5.0,0.0,1.0,0.0,910312499.9999999,0.0,0.0,36.62
429,74,mapreduce,1,0.96,Local,2,DAG_Task,0,-1,36.61,36.63,,20.0,0.0,0.0,0.0,20.0,,15.0,0.0,15.0,0.0,1.0,0.0,
426,73,mapreduce,3,0.94,Local,4,DAG_Task,0,-1,36.6,36.63,,30.0,0.0,0.0,0.0,30.0,,15.0,0.0,15.0,0.0,1.0,0.0,
418,72,mapreduce,0,0.92,Edge 1,1,DAG_Task,1,1,36.59,36.63,,40.0,,0.0,18.0,,5.0,10.0,1.0,0.0,910312509.9999999,0.0,91031251.0,36.63
423,73,mapreduce,0,0.94,Edge 1,4,DAG_Task,1,1,36.6,36.63,,30.0,,0.0,10.0,,10.0,10.0,1.0,0.0,901687510.0,0.0,90168751.0,36.63
431,74,mapreduce,3,0.94,Local,2,DAG_Task,0,-1,36.61,36.64,,30.0,0.0,0.0,0.0,30.0,,15.0,0.0,15.0,0.0,1.0,0.0,
428,74,mapreduce,0,0.94,Edge 1,2,DAG_Task,1,1,36.61,36.64,,30.0,,0.0,10.0,,10.0,10.0,1.0,0.0,901687510.0,0.0,90168751.0,36.64
432,75,video,s,0.98,Edge 1,3,DAG_Task,1,1,36.71,36.72,,10.0,,0.0,2.0,,10.0,0.0,1.0,0.0,150000000.0,0.0,0.0,36.72
433,75,video,0,0.96,Local,3,DAG_Task,0,-1,36.71,36.73,,20.0,0.0,0.0,0.0,20.0,,10.0,0.0,10.0,0.0,1.0,0.0,
434,75,video,1,0.94,Local,3,DAG_Task,0,-1,36.71,36.74,,30.0,0.0,0.0,0.0,30.0,,15.0,0.0,15.0,0.0,1.0,0.0,
400,68,mapreduce,3,-1.0,Edge 1,3,DAG_Task,1,1,34.93,36.74,,1810.0,,0.0,1774.0,,10.0,15.0,1.0,0.0,901687515.0000001,0.0,60112501.0,36.74
436,75,video,3,0.92,Local,3,DAG_Task,0,-1,36.71,36.75,,40.0,0.0,0.0,0.0,40.0,,15.0,0.0,15.0,0.0,1.0,0.0,
395,67,matrix,5,-1.0,Edge 0,2,DAG_Task,1,0,34.92,36.95,,2030.0,,0.0,974.0,,10.0,15.0,1.0,0.0,150000015.0,0.0,10000001.0,36.95
430,74,mapreduce,2,-0.08,Edge 1,2,DAG_Task,1,1,36.61,37.15,,540.0,,0.0,494.0,,10.0,15.0,1.0,0.0,901687515.0000001,0.0,60112501.0,37.15
435,75,video,2,-0.06,Edge 0,3,DAG_Task,1,0,36.71,37.24,,530.0,,0.0,494.0,,10.0,15.0,1.0,0.0,150000015.0,0.0,10000001.0,37.24
437,75,video,4,-0.08,Local,3,DAG_Task,0,-1,36.71,37.25,,540.0,0.0,0.0,0.0,540.0,,15.0,0.0,15.0,0.0,1.0,0.0,
438,76,lightgbm,s,0.98,Edge 1,2,DAG_Task,1,1,37.59,37.6,,10.0,,0.0,2.0,,10.0,0.0,1.0,0.0,165750000.0,0.0,0.0,37.6
439,76,lightgbm,0,0.94,Edge 1,2,DAG_Task,1,1,37.59,37.62,,30.0,,0.0,10.0,,10.0,10.0,1.0,0.0,165750010.0,0.0,16575001.0,37.62
420,72,mapreduce,2,-1.0,Edge 1,1,DAG_Task,1,1,36.59,37.63,,1040.0,,0.0,986.0,,5.0,15.0,1.0,0.0,910312515.0,0.0,60687501.0,37.63
425,73,mapreduce,2,-1.0,Edge 1,4,DAG_Task,1,1,36.6,37.63,,1030.0,,0.0,986.0,,5.0,15.0,1.0,0.0,910312515.0,0.0,60687501.0,37.63
443,77,matrix,s,0.98,Edge 1,0,DAG_Task,1,1,38.15,38.16,,10.0,,0.0,2.0,,10.0,0.0,1.0,0.0,150000000.0,0.0,0.0,38.16
444,77,matrix,0,0.94,Edge 1,0,DAG_Task,1,1,38.15,38.18,,30.0,,0.0,10.0,,10.0,10.0,1.0,0.0,150000010.0,0.0,15000001.0,38.18
445,77,matrix,1,0.92,Local,0,DAG_Task,0,-1,38.15,38.19,,40.0,0.0,0.0,0.0,40.0,,15.0,0.0,15.0,0.0,1.0,0.0,
447,77,matrix,3,0.92,Local,0,DAG_Task,0,-1,38.15,38.19,,40.0,0.0,0.0,0.0,40.0,,15.0,0.0,15.0,0.0,1.0,0.0,
448,77,matrix,4,0.9,Local,0,DAG_Task,0,-1,38.15,38.2,,50.0,0.0,0.0,0.0,50.0,,15.0,0.0,15.0,0.0,1.0,0.0,
441,76,lightgbm,2,-1.0,Edge 1,2,DAG_Task,1,1,37.59,38.62,,1030.0,,0.0,986.0,,5.0,15.0,1.0,0.0,237375015.0,0.0,15825001.0,38.62
450,78,video,s,0.98,Edge 1,1,DAG_Task,1,1,38.61,38.62,,10.0,,0.0,2.0,,10.0,0.0,1.0,0.0,150000000.0,0.0,0.0,38.62
451,78,video,0,0.94,Edge 1,1,DAG_Task,1,1,38.61,38.64,,30.0,,0.0,10.0,,10.0,10.0,1.0,0.0,150000010.0,0.0,15000001.0,38.64
452,78,video,1,0.92,Local,1,DAG_Task,0,-1,38.61,38.65,,40.0,0.0,0.0,0.0,40.0,,15.0,0.0,15.0,0.0,1.0,0.0,
454,78,video,3,0.9,Local,1,DAG_Task,0,-1,38.61,38.66,,50.0,0.0,0.0,0.0,50.0,,15.0,0.0,15.0,0.0,1.0,0.0,
456,79,matrix,s,0.98,Edge 1,2,DAG_Task,1,1,38.67,38.68,,10.0,,0.0,2.0,,10.0,0.0,1.0,0.0,150000000.0,0.0,0.0,38.68
446,77,matrix,2,-0.1,Edge 1,0,DAG_Task,1,1,38.15,38.7,,550.0,,0.0,494.0,,10.0,15.0,1.0,0.0,150000015.0,0.0,10000001.0,38.7
457,79,matrix,0,0.94,Edge 1,2,DAG_Task,1,1,38.67,38.7,,30.0,,0.0,10.0,,10.0,10.0,1.0,0.0,150000010.0,0.0,15000001.0,38.7
449,77,matrix,5,-0.12,Local,0,DAG_Task,0,-1,38.15,38.71,,560.0,0.0,0.0,0.0,560.0,,15.0,0.0,15.0,0.0,1.0,0.0,
458,79,matrix,1,0.92,Local,2,DAG_Task,0,-1,38.67,38.71,,40.0,0.0,0.0,0.0,40.0,,15.0,0.0,15.0,0.0,1.0,0.0,
453,78,video,2,-0.08,Edge 1,1,DAG_Task,1,1,38.61,39.15,,540.0,,0.0,494.0,,10.0,15.0,1.0,0.0,150000015.0,0.0,10000001.0,39.15
455,78,video,4,-0.1,Local,1,DAG_Task,0,-1,38.61,39.16,,550.0,0.0,0.0,0.0,550.0,,15.0,0.0,15.0,0.0,1.0,0.0,
459,79,matrix,2,-0.1,Edge 1,2,DAG_Task,1,1,38.67,39.22,,550.0,,0.0,494.0,,10.0,15.0,1.0,0.0,150000015.0,0.0,10000001.0,39.22
440,76,lightgbm,1,-1.0,Edge 1,2,DAG_Task,1,1,37.59,39.58,,1990.0,,0.0,1946.0,,5.0,15.0,1.0,0.0,237375015.0,0.0,15825001.0,39.58
442,76,lightgbm,3,-1.0,Local,2,DAG_Task,0,-1,37.59,39.59,,2000.0,0.0,0.0,0.0,2000.0,,15.0,0.0,15.0,0.0,1.0,0.0,
460,79,matrix,3,-1.0,Edge 0,2,DAG_Task,1,0,38.67,40.49,,1820.0,,0.0,1774.0,,10.0,15.0,1.0,0.0,150000015.0,0.0,10000001.0,40.49
461,79,matrix,4,-1.0,Local,2,DAG_Task,0,-1,38.67,40.5,,1830.0,0.0,0.0,0.0,1830.0,,15.0,0.0,15.0,0.0,1.0,0.0,
462,79,matrix,5,-1.0,Local,2,DAG_Task,0,-1,38.67,40.51,,1840.0,0.0,0.0,0.0,1840.0,,15.0,0.0,15.0,0.0,1.0,0.0,
463,80,video,s,0.98,Edge 1,0,DAG_Task,1,1,41.74,41.75,,10.0,,0.0,2.0,,10.0,0.0,1.0,0.0,150000000.0,0.0,0.0,41.75
464,80,video,0,0.94,Edge 1,0,DAG_Task,1,1,41.74,41.77,,30.0,,0.0,10.0,,10.0,10.0,1.0,0.0,150000010.0,0.0,15000001.0,41.77
465,80,video,1,0.92,Local,0,DAG_Task,0,-1,41.74,41.78,,40.0,0.0,0.0,0.0,40.0,,15.0,0.0,15.0,0.0,1.0,0.0,
467,80,video,3,0.9,Local,0,DAG_Task,0,-1,41.74,41.79,,50.0,0.0,0.0,0.0,50.0,,15.0,0.0,15.0,0.0,1.0,0.0,
469,81,video,s,0.98,Edge 1,5,DAG_Task,1,1,42.2,42.21,,10.0,,0.0,2.0,,10.0,0.0,1.0,0.0,150000000.0,0.0,0.0,42.21
470,81,video,0,0.94,Edge 1,5,DAG_Task,1,1,42.2,42.23,,30.0,,0.0,10.0,,10.0,10.0,1.0,0.0,150000010.0,0.0,15000001.0,42.23
471,81,video,1,0.92,Local,5,DAG_Task,0,-1,42.2,42.24,,40.0,0.0,0.0,0.0,40.0,,15.0,0.0,15.0,0.0,1.0,0.0,
473,81,video,3,0.9,Local,5,DAG_Task,0,-1,42.2,42.25,,50.0,0.0,0.0,0.0,50.0,,15.0,0.0,15.0,0.0,1.0,0.0,
466,80,video,2,-0.08,Edge 1,0,DAG_Task,1,1,41.74,42.28,,540.0,,0.0,494.0,,10.0,15.0,1.0,0.0,150000015.0,0.0,10000001.0,42.28
468,80,video,4,-0.1,Local,0,DAG_Task,0,-1,41.74,42.29,,550.0,0.0,0.0,0.0,550.0,,15.0,0.0,15.0,0.0,1.0,0.0,
475,82,matrix,s,0.98,Edge 1,0,DAG_Task,1,1,42.35,42.36,,10.0,,0.0,2.0,,10.0,0.0,1.0,0.0,150000000.0,0.0,0.0,42.36
476,82,matrix,0,0.94,Edge 1,0,DAG_Task,1,1,42.35,42.38,,30.0,,0.0,10.0,,10.0,10.0,1.0,0.0,150000010.0,0.0,15000001.0,42.38
477,82,matrix,1,0.92,Local,0,DAG_Task,0,-1,42.35,42.39,,40.0,0.0,0.0,0.0,40.0,,15.0,0.0,15.0,0.0,1.0,0.0,
479,82,matrix,3,0.92,Local,0,DAG_Task,0,-1,42.35,42.39,,40.0,0.0,0.0,0.0,40.0,,15.0,0.0,15.0,0.0,1.0,0.0,
480,82,matrix,4,0.9,Local,0,DAG_Task,0,-1,42.35,42.4,,50.0,0.0,0.0,0.0,50.0,,15.0,0.0,15.0,0.0,1.0,0.0,
482,83,lightgbm,s,0.98,Edge 1,2,DAG_Task,1,1,42.63,42.64,,10.0,,0.0,2.0,,10.0,0.0,1.0,0.0,165750000.0,0.0,0.0,42.64
483,83,lightgbm,0,0.96,Local,2,DAG_Task,0,-1,42.63,42.65,,20.0,0.0,0.0,0.0,20.0,,10.0,0.0,10.0,0.0,1.0,0.0,
484,83,lightgbm,1,0.94,Local,2,DAG_Task,0,-1,42.63,42.66,,30.0,0.0,0.0,0.0,30.0,,15.0,0.0,15.0,0.0,1.0,0.0,
472,81,video,2,-0.08,Edge 1,5,DAG_Task,1,1,42.2,42.74,,540.0,,0.0,494.0,,10.0,15.0,1.0,0.0,150000015.0,0.0,10000001.0,42.74
474,81,video,4,-0.1,Local,5,DAG_Task,0,-1,42.2,42.75,,550.0,0.0,0.0,0.0,550.0,,15.0,0.0,15.0,0.0,1.0,0.0,
478,82,matrix,2,-0.1,Edge 1,0,DAG_Task,1,1,42.35,42.9,,550.0,,0.0,494.0,,10.0,15.0,1.0,0.0,150000015.0,0.0,10000001.0,42.9
481,82,matrix,5,-0.12,Local,0,DAG_Task,0,-1,42.35,42.91,,560.0,0.0,0.0,0.0,560.0,,15.0,0.0,15.0,0.0,1.0,0.0,
485,83,lightgbm,2,-0.06,Edge 1,2,DAG_Task,1,1,42.63,43.16,,530.0,,0.0,494.0,,10.0,15.0,1.0,0.0,165750015.0,0.0,11050001.0,43.16
486,83,lightgbm,3,-0.08,Local,2,DAG_Task,0,-1,42.63,43.17,,540.0,0.0,0.0,0.0,540.0,,15.0,0.0,15.0,0.0,1.0,0.0,
494,85,video,s,0.98,Edge 1,3,DAG_Task,1,1,43.48,43.49,,10.0,,0.0,2.0,,10.0,0.0,1.0,0.0,150000000.0,0.0,0.0,43.49
495,85,video,0,0.94,Edge 1,3,DAG_Task,1,1,43.48,43.51,,30.0,,0.0,10.0,,10.0,10.0,1.0,0.0,150000010.0,0.0,15000001.0,43.51
496,85,video,1,0.92,Local,3,DAG_Task,0,-1,43.48,43.52,,40.0,0.0,0.0,0.0,40.0,,15.0,0.0,15.0,0.0,1.0,0.0,
498,85,video,3,0.9,Local,3,DAG_Task,0,-1,43.48,43.53,,50.0,0.0,0.0,0.0,50.0,,15.0,0.0,15.0,0.0,1.0,0.0,
500,86,mapreduce,s,0.98,Edge 1,5,DAG_Task,1,1,43.53,43.54,,10.0,,0.0,2.0,,10.0,0.0,1.0,0.0,901687500.0,0.0,0.0,43.54
502,86,mapreduce,1,0.96,Local,5,DAG_Task,0,-1,43.53,43.55,,20.0,0.0,0.0,0.0,20.0,,15.0,0.0,15.0,0.0,1.0,0.0,
504,86,mapreduce,3,0.94,Local,5,DAG_Task,0,-1,43.53,43.56,,30.0,0.0,0.0,0.0,30.0,,15.0,0.0,15.0,0.0,1.0,0.0,
501,86,mapreduce,0,0.94,Edge 1,5,DAG_Task,1,1,43.53,43.56,,30.0,,0.0,10.0,,10.0,10.0,1.0,0.0,901687510.0,0.0,90168751.0,43.56
505,87,video,s,0.98,Edge 1,0,DAG_Task,1,1,43.65,43.66,,10.0,,0.0,2.0,,10.0,0.0,1.0,0.0,150000000.0,0.0,0.0,43.66
506,87,video,0,0.94,Edge 1,0,DAG_Task,1,1,43.65,43.68,,30.0,,0.0,10.0,,10.0,10.0,1.0,0.0,150000010.0,0.0,15000001.0,43.68
507,87,video,1,0.92,Local,0,DAG_Task,0,-1,43.65,43.69,,40.0,0.0,0.0,0.0,40.0,,15.0,0.0,15.0,0.0,1.0,0.0,
509,87,video,3,0.9,Local,0,DAG_Task,0,-1,43.65,43.7,,50.0,0.0,0.0,0.0,50.0,,15.0,0.0,15.0,0.0,1.0,0.0,
497,85,video,2,-0.08,Edge 1,3,DAG_Task,1,1,43.48,44.02,,540.0,,0.0,494.0,,10.0,15.0,1.0,0.0,150000015.0,0.0,10000001.0,44.02
499,85,video,4,-0.1,Local,3,DAG_Task,0,-1,43.48,44.03,,550.0,0.0,0.0,0.0,550.0,,15.0,0.0,15.0,0.0,1.0,0.0,
503,86,mapreduce,2,-0.08,Edge 1,5,DAG_Task,1,1,43.53,44.07,,540.0,,0.0,494.0,,10.0,15.0,1.0,0.0,901687515.0000001,0.0,60112501.0,44.07
508,87,video,2,-0.08,Edge 1,0,DAG_Task,1,1,43.65,44.19,,540.0,,0.0,494.0,,10.0,15.0,1.0,0.0,150000015.0,0.0,10000001.0,44.19
510,87,video,4,-0.1,Local,0,DAG_Task,0,-1,43.65,44.2,,550.0,0.0,0.0,0.0,550.0,,15.0,0.0,15.0,0.0,1.0,0.0,
511,88,video,s,0.98,Edge 1,0,DAG_Task,1,1,44.21,44.22,,10.0,,0.0,2.0,,10.0,0.0,1.0,0.0,150000000.0,0.0,0.0,44.22
512,88,video,0,0.94,Edge 1,0,DAG_Task,1,1,44.21,44.24,,30.0,,0.0,10.0,,10.0,10.0,1.0,0.0,150000010.0,0.0,15000001.0,44.24
513,88,video,1,0.92,Local,0,DAG_Task,0,-1,44.21,44.25,,40.0,0.0,0.0,0.0,40.0,,15.0,0.0,15.0,0.0,1.0,0.0,
515,88,video,3,0.9,Local,0,DAG_Task,0,-1,44.21,44.26,,50.0,0.0,0.0,0.0,50.0,,15.0,0.0,15.0,0.0,1.0,0.0,
517,89,lightgbm,s,0.98,Edge 1,0,DAG_Task,1,1,44.37,44.38,,10.0,,0.0,2.0,,10.0,0.0,1.0,0.0,165750000.0,0.0,0.0,44.38
518,89,lightgbm,0,0.94,Edge 1,0,DAG_Task,1,1,44.37,44.4,,30.0,,0.0,10.0,,10.0,10.0,1.0,0.0,165750010.0,0.0,16575001.0,44.4
519,89,lightgbm,1,0.92,Local,0,DAG_Task,0,-1,44.37,44.41,,40.0,0.0,0.0,0.0,40.0,,15.0,0.0,15.0,0.0,1.0,0.0,
522,90,video,s,0.98,Edge 1,4,DAG_Task,1,1,44.41,44.42,,10.0,,0.0,2.0,,5.0,0.0,1.0,0.0,300000000.0,0.0,0.0,44.42
523,90,video,0,0.94,Edge 1,4,DAG_Task,1,1,44.41,44.44,,30.0,,0.0,10.0,,10.0,10.0,1.0,0.0,150000010.0,0.0,15000001.0,44.44
524,90,video,1,0.92,Local,4,DAG_Task,0,-1,44.41,44.45,,40.0,0.0,0.0,0.0,40.0,,15.0,0.0,15.0,0.0,1.0,0.0,
526,90,video,3,0.9,Local,4,DAG_Task,0,-1,44.41,44.46,,50.0,0.0,0.0,0.0,50.0,,15.0,0.0,15.0,0.0,1.0,0.0,
514,88,video,2,-0.08,Edge 1,0,DAG_Task,1,1,44.21,44.75,,540.0,,0.0,494.0,,10.0,15.0,1.0,0.0,150000015.0,0.0,10000001.0,44.75
516,88,video,4,-0.1,Local,0,DAG_Task,0,-1,44.21,44.76,,550.0,0.0,0.0,0.0,550.0,,15.0,0.0,15.0,0.0,1.0,0.0,
528,91,mapreduce,s,0.98,Edge 1,5,DAG_Task,1,1,44.76,44.77,,10.0,,0.0,2.0,,10.0,0.0,1.0,0.0,901687500.0,0.0,0.0,44.77
530,91,mapreduce,1,0.96,Local,5,DAG_Task,0,-1,44.76,44.78,,20.0,0.0,0.0,0.0,20.0,,15.0,0.0,15.0,0.0,1.0,0.0,
532,91,mapreduce,3,0.94,Local,5,DAG_Task,0,-1,44.76,44.79,,30.0,0.0,0.0,0.0,30.0,,15.0,0.0,15.0,0.0,1.0,0.0,
529,91,mapreduce,0,0.94,Edge 1,5,DAG_Task,1,1,44.76,44.79,,30.0,,0.0,10.0,,10.0,10.0,1.0,0.0,901687510.0,0.0,90168751.0,44.79
525,90,video,2,-0.08,Edge 1,4,DAG_Task,1,1,44.41,44.95,,540.0,,0.0,494.0,,10.0,15.0,1.0,0.0,150000015.0,0.0,10000001.0,44.95
527,90,video,4,-0.1,Local,4,DAG_Task,0,-1,44.41,44.96,,550.0,0.0,0.0,0.0,550.0,,15.0,0.0,15.0,0.0,1.0,0.0,
533,92,matrix,s,0.98,Edge 1,0,DAG_Task,1,1,45.05,45.06,,10.0,,0.0,2.0,,10.0,0.0,1.0,0.0,150000000.0,0.0,0.0,45.06
534,92,matrix,0,0.94,Edge 1,0,DAG_Task,1,1,45.05,45.08,,30.0,,0.0,10.0,,10.0,10.0,1.0,0.0,150000010.0,0.0,15000001.0,45.08
535,92,matrix,1,0.92,Local,0,DAG_Task,0,-1,45.05,45.09,,40.0,0.0,0.0,0.0,40.0,,15.0,0.0,15.0,0.0,1.0,0.0,
537,92,matrix,3,0.92,Local,0,DAG_Task,0,-1,45.05,45.09,,40.0,0.0,0.0,0.0,40.0,,15.0,0.0,15.0,0.0,1.0,0.0,
538,92,matrix,4,0.9,Local,0,DAG_Task,0,-1,45.05,45.1,,50.0,0.0,0.0,0.0,50.0,,15.0,0.0,15.0,0.0,1.0,0.0,
531,91,mapreduce,2,-0.08,Edge 1,5,DAG_Task,1,1,44.76,45.3,,540.0,,0.0,494.0,,10.0,15.0,1.0,0.0,901687515.0000001,0.0,60112501.0,45.3
520,89,lightgbm,2,-1.0,Edge 1,0,DAG_Task,1,1,44.37,45.4,,1030.0,,0.0,986.0,,5.0,15.0,1.0,0.0,237375015.0,0.0,15825001.0,45.4
540,93,video,s,0.98,Edge 1,5,DAG_Task,1,1,45.45,45.46,,10.0,,0.0,2.0,,10.0,0.0,1.0,0.0,150000000.0,0.0,0.0,45.46
541,93,video,0,0.94,Edge 1,5,DAG_Task,1,1,45.45,45.48,,30.0,,0.0,10.0,,10.0,10.0,1.0,0.0,150000010.0,0.0,15000001.0,45.48
542,93,video,1,0.92,Local,5,DAG_Task,0,-1,45.45,45.49,,40.0,0.0,0.0,0.0,40.0,,15.0,0.0,15.0,0.0,1.0,0.0,
544,93,video,3,0.9,Local,5,DAG_Task,0,-1,45.45,45.5,,50.0,0.0,0.0,0.0,50.0,,15.0,0.0,15.0,0.0,1.0,0.0,
536,92,matrix,2,-0.1,Edge 1,0,DAG_Task,1,1,45.05,45.6,,550.0,,0.0,494.0,,10.0,15.0,1.0,0.0,150000015.0,0.0,10000001.0,45.6
539,92,matrix,5,-0.12,Local,0,DAG_Task,0,-1,45.05,45.61,,560.0,0.0,0.0,0.0,560.0,,15.0,0.0,15.0,0.0,1.0,0.0,
543,93,video,2,-0.08,Edge 1,5,DAG_Task,1,1,45.45,45.99,,540.0,,0.0,494.0,,10.0,15.0,1.0,0.0,150000015.0,0.0,10000001.0,45.99
545,93,video,4,-0.1,Local,5,DAG_Task,0,-1,45.45,46.0,,550.0,0.0,0.0,0.0,550.0,,15.0,0.0,15.0,0.0,1.0,0.0,
546,94,video,s,0.98,Edge 1,0,DAG_Task,1,1,46.11,46.12,,10.0,,0.0,2.0,,10.0,0.0,1.0,0.0,150000000.0,0.0,0.0,46.12
547,94,video,0,0.94,Edge 1,0,DAG_Task,1,1,46.11,46.14,,30.0,,0.0,10.0,,10.0,10.0,1.0,0.0,150000010.0,0.0,15000001.0,46.14
548,94,video,1,0.92,Local,0,DAG_Task,0,-1,46.11,46.15,,40.0,0.0,0.0,0.0,40.0,,15.0,0.0,15.0,0.0,1.0,0.0,
550,94,video,3,0.9,Local,0,DAG_Task,0,-1,46.11,46.16,,50.0,0.0,0.0,0.0,50.0,,15.0,0.0,15.0,0.0,1.0,0.0,
549,94,video,2,-0.08,Edge 1,0,DAG_Task,1,1,46.11,46.65,,540.0,,0.0,494.0,,10.0,15.0,1.0,0.0,150000015.0,0.0,10000001.0,46.65
551,94,video,4,-0.1,Local,0,DAG_Task,0,-1,46.11,46.66,,550.0,0.0,0.0,0.0,550.0,,15.0,0.0,15.0,0.0,1.0,0.0,
552,95,lightgbm,s,0.98,Edge 1,1,DAG_Task,1,1,47.11,47.12,,10.0,,0.0,2.0,,10.0,0.0,1.0,0.0,165750000.0,0.0,0.0,47.12
553,95,lightgbm,0,0.94,Edge 1,1,DAG_Task,1,1,47.11,47.14,,30.0,,0.0,10.0,,10.0,10.0,1.0,0.0,165750010.0,0.0,16575001.0,47.14
554,95,lightgbm,1,0.92,Local,1,DAG_Task,0,-1,47.11,47.15,,40.0,0.0,0.0,0.0,40.0,,15.0,0.0,15.0,0.0,1.0,0.0,
521,89,lightgbm,3,-1.0,Edge 0,0,DAG_Task,1,0,44.37,47.19,,2820.0,,0.0,1774.0,,10.0,15.0,1.0,0.0,229125015.0,0.0,15275001.0,47.19
557,96,lightgbm,s,0.98,Edge 1,5,DAG_Task,1,1,47.49,47.5,,10.0,,0.0,2.0,,10.0,0.0,1.0,0.0,165750000.0,0.0,0.0,47.5
562,97,video,s,0.98,Edge 1,5,DAG_Task,1,1,47.51,47.52,,10.0,,0.0,2.0,,5.0,0.0,1.0,0.0,300000000.0,0.0,0.0,47.52
558,96,lightgbm,0,0.92,Edge 1,5,DAG_Task,1,1,47.49,47.53,,40.0,,0.0,18.0,,5.0,10.0,1.0,0.0,237375010.0,0.0,23737501.0,47.53
559,96,lightgbm,1,0.9,Local,5,DAG_Task,0,-1,47.49,47.54,,50.0,0.0,0.0,0.0,50.0,,15.0,0.0,15.0,0.0,1.0,0.0,
563,97,video,0,0.94,Edge 1,5,DAG_Task,1,1,47.51,47.54,,30.0,,0.0,10.0,,10.0,10.0,1.0,0.0,150000010.0,0.0,15000001.0,47.54
564,97,video,1,0.92,Local,5,DAG_Task,0,-1,47.51,47.55,,40.0,0.0,0.0,0.0,40.0,,15.0,0.0,15.0,0.0,1.0,0.0,
566,97,video,3,0.9,Local,5,DAG_Task,0,-1,47.51,47.56,,50.0,0.0,0.0,0.0,50.0,,15.0,0.0,15.0,0.0,1.0,0.0,
555,95,lightgbm,2,-0.08,Edge 1,1,DAG_Task,1,1,47.11,47.65,,540.0,,0.0,494.0,,10.0,15.0,1.0,0.0,165750015.0,0.0,11050001.0,47.65
556,95,lightgbm,3,-0.1,Local,1,DAG_Task,0,-1,47.11,47.66,,550.0,0.0,0.0,0.0,550.0,,15.0,0.0,15.0,0.0,1.0,0.0,
568,98,mapreduce,s,0.98,Edge 1,0,DAG_Task,1,1,47.74,47.75,,10.0,,0.0,2.0,,10.0,0.0,1.0,0.0,901687500.0,0.0,0.0,47.75
569,98,mapreduce,0,0.92,Edge 1,0,DAG_Task,1,1,47.74,47.78,,40.0,,0.0,18.0,,5.0,10.0,1.0,0.0,910312509.9999999,0.0,91031251.0,47.78
560,96,lightgbm,2,-0.1,Edge 1,5,DAG_Task,1,1,47.49,48.04,,550.0,,0.0,494.0,,10.0,15.0,1.0,0.0,165750015.0,0.0,11050001.0,48.04
561,96,lightgbm,3,-0.12,Local,5,DAG_Task,0,-1,47.49,48.05,,560.0,0.0,0.0,0.0,560.0,,15.0,0.0,15.0,0.0,1.0,0.0,
565,97,video,2,-0.08,Edge 1,5,DAG_Task,1,1,47.51,48.05,,540.0,,0.0,494.0,,10.0,15.0,1.0,0.0,150000015.0,0.0,10000001.0,48.05
567,97,video,4,-0.1,Local,5,DAG_Task,0,-1,47.51,48.06,,550.0,0.0,0.0,0.0,550.0,,15.0,0.0,15.0,0.0,1.0,0.0,
571,98,mapreduce,2,-0.1,Edge 1,0,DAG_Task,1,1,47.74,48.29,,550.0,,0.0,494.0,,10.0,15.0,1.0,0.0,901687515.0000001,0.0,60112501.0,48.29
573,99,lightgbm,s,0.98,Edge 1,4,DAG_Task,1,1,48.55,48.56,,10.0,,0.0,2.0,,10.0,0.0,1.0,0.0,165750000.0,0.0,0.0,48.56
574,99,lightgbm,0,0.94,Edge 1,4,DAG_Task,1,1,48.55,48.58,,30.0,,0.0,10.0,,10.0,10.0,1.0,0.0,165750010.0,0.0,16575001.0,48.58
575,99,lightgbm,1,0.92,Local,4,DAG_Task,0,-1,48.55,48.59,,40.0,0.0,0.0,0.0,40.0,,15.0,0.0,15.0,0.0,1.0,0.0,
576,99,lightgbm,2,0.92,Local,4,DAG_Task,0,-1,48.55,48.59,,40.0,0.0,0.0,0.0,40.0,,15.0,0.0,15.0,0.0,1.0,0.0,
577,99,lightgbm,3,0.9,Local,4,DAG_Task,0,-1,48.55,48.6,,50.0,0.0,0.0,0.0,50.0,,15.0,0.0,15.0,0.0,1.0,0.0,
578,100,matrix,s,0.98,Edge 1,5,DAG_Task,1,1,48.94,48.95,,10.0,,0.0,2.0,,10.0,0.0,1.0,0.0,150000000.0,0.0,0.0,48.95
579,100,matrix,0,0.94,Edge 1,5,DAG_Task,1,1,48.94,48.97,,30.0,,0.0,10.0,,10.0,10.0,1.0,0.0,150000010.0,0.0,15000001.0,48.97
580,100,matrix,1,0.92,Local,5,DAG_Task,0,-1,48.94,48.98,,40.0,0.0,0.0,0.0,40.0,,15.0,0.0,15.0,0.0,1.0,0.0,
585,101,mapreduce,s,0.98,Edge 1,4,DAG_Task,1,1,49.05,49.06,,10.0,,0.0,2.0,,10.0,0.0,1.0,0.0,901687500.0,0.0,0.0,49.06
587,101,mapreduce,1,0.96,Local,4,DAG_Task,0,-1,49.05,49.07,,20.0,0.0,0.0,0.0,20.0,,15.0,0.0,15.0,0.0,1.0,0.0,
589,101,mapreduce,3,0.94,Local,4,DAG_Task,0,-1,49.05,49.08,,30.0,0.0,0.0,0.0,30.0,,15.0,0.0,15.0,0.0,1.0,0.0,
586,101,mapreduce,0,0.94,Edge 1,4,DAG_Task,1,1,49.05,49.08,,30.0,,0.0,10.0,,10.0,10.0,1.0,0.0,901687510.0,0.0,90168751.0,49.08
590,102,video,s,0.98,Edge 1,4,DAG_Task,1,1,49.16,49.17,,10.0,,0.0,2.0,,10.0,0.0,1.0,0.0,150000000.0,0.0,0.0,49.17
596,103,video,s,0.98,Edge 1,3,DAG_Task,1,1,49.17,49.18,,10.0,,0.0,2.0,,10.0,0.0,1.0,0.0,150000000.0,0.0,0.0,49.18
591,102,video,0,0.94,Edge 1,4,DAG_Task,1,1,49.16,49.19,,30.0,,0.0,10.0,,10.0,10.0,1.0,0.0,150000010.0,0.0,15000001.0,49.19
592,102,video,1,0.92,Local,4,DAG_Task,0,-1,49.16,49.2,,40.0,0.0,0.0,0.0,40.0,,15.0,0.0,15.0,0.0,1.0,0.0,
597,103,video,0,0.94,Edge 1,3,DAG_Task,1,1,49.17,49.2,,30.0,,0.0,10.0,,10.0,10.0,1.0,0.0,150000010.0,0.0,15000001.0,49.2
598,103,video,1,0.92,Local,3,DAG_Task,0,-1,49.17,49.21,,40.0,0.0,0.0,0.0,40.0,,15.0,0.0,15.0,0.0,1.0,0.0,
594,102,video,3,0.9,Local,4,DAG_Task,0,-1,49.16,49.21,,50.0,0.0,0.0,0.0,50.0,,15.0,0.0,15.0,0.0,1.0,0.0,
600,103,video,3,0.9,Local,3,DAG_Task,0,-1,49.17,49.22,,50.0,0.0,0.0,0.0,50.0,,15.0,0.0,15.0,0.0,1.0,0.0,
602,104,lightgbm,s,0.98,Edge 1,3,DAG_Task,1,1,49.46,49.47,,10.0,,0.0,2.0,,10.0,0.0,1.0,0.0,165750000.0,0.0,0.0,49.47
581,100,matrix,2,-0.1,Edge 1,5,DAG_Task,1,1,48.94,49.49,,550.0,,0.0,494.0,,10.0,15.0,1.0,0.0,150000015.0,0.0,10000001.0,49.49
603,104,lightgbm,0,0.94,Edge 1,3,DAG_Task,1,1,49.46,49.49,,30.0,,0.0,10.0,,10.0,10.0,1.0,0.0,165750010.0,0.0,16575001.0,49.49
604,104,lightgbm,1,0.92,Local,3,DAG_Task,0,-1,49.46,49.5,,40.0,0.0,0.0,0.0,40.0,,15.0,0.0,15.0,0.0,1.0,0.0,
588,101,mapreduce,2,-0.08,Edge 1,4,DAG_Task,1,1,49.05,49.59,,540.0,,0.0,494.0,,10.0,15.0,1.0,0.0,901687515.0000001,0.0,60112501.0,49.59
593,102,video,2,-0.08,Edge 1,4,DAG_Task,1,1,49.16,49.7,,540.0,,0.0,494.0,,10.0,15.0,1.0,0.0,150000015.0,0.0,10000001.0,49.7
607,105,mapreduce,s,0.98,Edge 1,2,DAG_Task,1,1,49.69,49.7,,10.0,,0.0,2.0,,10.0,0.0,1.0,0.0,901687500.0,0.0,0.0,49.7
609,105,mapreduce,1,0.96,Local,2,DAG_Task,0,-1,49.69,49.71,,20.0,0.0,0.0,0.0,20.0,,15.0,0.0,15.0,0.0,1.0,0.0,
595,102,video,4,-0.1,Local,4,DAG_Task,0,-1,49.16,49.71,,550.0,0.0,0.0,0.0,550.0,,15.0,0.0,15.0,0.0,1.0,0.0,
570,98,mapreduce,1,-1.0,Edge 1,0,DAG_Task,1,1,47.74,49.71,,1970.0,,0.0,1946.0,,5.0,15.0,1.0,0.0,910312515.0,0.0,60687501.0,49.71
599,103,video,2,-0.08,Edge 1,3,DAG_Task,1,1,49.17,49.71,,540.0,,0.0,494.0,,10.0,15.0,1.0,0.0,150000015.0,0.0,10000001.0,49.71
572,98,mapreduce,3,-1.0,Local,0,DAG_Task,0,-1,47.74,49.72,,1980.0,0.0,0.0,0.0,1980.0,,15.0,0.0,15.0,0.0,1.0,0.0,
611,105,mapreduce,3,0.94,Local,2,DAG_Task,0,-1,49.69,49.72,,30.0,0.0,0.0,0.0,30.0,,15.0,0.0,15.0,0.0,1.0,0.0,
601,103,video,4,-0.1,Local,3,DAG_Task,0,-1,49.17,49.72,,550.0,0.0,0.0,0.0,550.0,,15.0,0.0,15.0,0.0,1.0,0.0,
608,105,mapreduce,0,0.94,Edge 1,2,DAG_Task,1,1,49.69,49.72,,30.0,,0.0,10.0,,10.0,10.0,1.0,0.0,901687510.0,0.0,90168751.0,49.72
612,106,lightgbm,s,0.98,Edge 1,1,DAG_Task,1,1,49.73,49.74,,10.0,,0.0,2.0,,5.0,0.0,1.0,0.0,237375000.0,0.0,0.0,49.74
613,106,lightgbm,0,0.94,Edge 1,1,DAG_Task,1,1,49.73,49.76,,30.0,,0.0,10.0,,10.0,10.0,1.0,0.0,165750010.0,0.0,16575001.0,49.76
614,106,lightgbm,1,0.92,Local,1,DAG_Task,0,-1,49.73,49.77,,40.0,0.0,0.0,0.0,40.0,,15.0,0.0,15.0,0.0,1.0,0.0,
605,104,lightgbm,2,-0.08,Edge 1,3,DAG_Task,1,1,49.46,50.0,,540.0,,0.0,494.0,,10.0,15.0,1.0,0.0,165750015.0,0.0,11050001.0,50.0
606,104,lightgbm,3,-0.1,Local,3,DAG_Task,0,-1,49.46,50.01,,550.0,0.0,0.0,0.0,550.0,,15.0,0.0,15.0,0.0,1.0,0.0,
615,106,lightgbm,2,-0.08,Edge 1,1,DAG_Task,1,1,49.73,50.27,,540.0,,0.0,494.0,,10.0,15.0,1.0,0.0,165750015.0,0.0,11050001.0,50.27
616,106,lightgbm,3,-0.1,Local,1,DAG_Task,0,-1,49.73,50.28,,550.0,0.0,0.0,0.0,550.0,,15.0,0.0,15.0,0.0,1.0,0.0,
610,105,mapreduce,2,-1.0,Edge 1,2,DAG_Task,1,1,49.69,50.72,,1030.0,,0.0,986.0,,5.0,15.0,1.0,0.0,910312515.0,0.0,60687501.0,50.72
582,100,matrix,3,-1.0,Edge 1,5,DAG_Task,1,1,48.94,50.76,,1820.0,,0.0,1774.0,,10.0,15.0,1.0,0.0,150000015.0,0.0,10000001.0,50.76
583,100,matrix,4,-1.0,Local,5,DAG_Task,0,-1,48.94,50.77,,1830.0,0.0,0.0,0.0,1830.0,,15.0,0.0,15.0,0.0,1.0,0.0,
584,100,matrix,5,-1.0,Local,5,DAG_Task,0,-1,48.94,50.78,,1840.0,0.0,0.0,0.0,1840.0,,15.0,0.0,15.0,0.0,1.0,0.0,
617,107,matrix,s,0.98,Edge 1,0,DAG_Task,1,1,50.77,50.78,,10.0,,0.0,2.0,,10.0,0.0,1.0,0.0,150000000.0,0.0,0.0,50.78
618,107,matrix,0,0.94,Edge 1,0,DAG_Task,1,1,50.77,50.8,,30.0,,0.0,10.0,,10.0,10.0,1.0,0.0,150000010.0,0.0,15000001.0,50.8
619,107,matrix,1,0.92,Local,0,DAG_Task,0,-1,50.77,50.81,,40.0,0.0,0.0,0.0,40.0,,15.0,0.0,15.0,0.0,1.0,0.0,
624,108,mapreduce,s,0.98,Edge 1,2,DAG_Task,1,1,50.92,50.93,,10.0,,0.0,2.0,,10.0,0.0,1.0,0.0,901687500.0,0.0,0.0,50.93
626,108,mapreduce,1,0.96,Local,2,DAG_Task,0,-1,50.92,50.94,,20.0,0.0,0.0,0.0,20.0,,15.0,0.0,15.0,0.0,1.0,0.0,
628,108,mapreduce,3,0.94,Local,2,DAG_Task,0,-1,50.92,50.95,,30.0,0.0,0.0,0.0,30.0,,15.0,0.0,15.0,0.0,1.0,0.0,
625,108,mapreduce,0,0.94,Edge 1,2,DAG_Task,1,1,50.92,50.95,,30.0,,0.0,10.0,,10.0,10.0,1.0,0.0,901687510.0,0.0,90168751.0,50.95
620,107,matrix,2,-0.1,Edge 1,0,DAG_Task,1,1,50.77,51.32,,550.0,,0.0,494.0,,10.0,15.0,1.0,0.0,150000015.0,0.0,10000001.0,51.32
636,110,mapreduce,s,0.98,Edge 1,0,DAG_Task,1,1,51.36,51.37,,10.0,,0.0,2.0,,10.0,0.0,1.0,0.0,901687500.0,0.0,0.0,51.37
638,110,mapreduce,1,0.96,Local,0,DAG_Task,0,-1,51.36,51.38,,20.0,0.0,0.0,0.0,20.0,,15.0,0.0,15.0,0.0,1.0,0.0,
640,110,mapreduce,3,0.94,Local,0,DAG_Task,0,-1,51.36,51.39,,30.0,0.0,0.0,0.0,30.0,,15.0,0.0,15.0,0.0,1.0,0.0,
637,110,mapreduce,0,0.94,Edge 1,0,DAG_Task,1,1,51.36,51.39,,30.0,,0.0,10.0,,10.0,10.0,1.0,0.0,901687510.0,0.0,90168751.0,51.39
627,108,mapreduce,2,-0.08,Edge 1,2,DAG_Task,1,1,50.92,51.46,,540.0,,0.0,494.0,,10.0,15.0,1.0,0.0,901687515.0000001,0.0,60112501.0,51.46
639,110,mapreduce,2,-0.08,Edge 1,0,DAG_Task,1,1,51.36,51.9,,540.0,,0.0,494.0,,10.0,15.0,1.0,0.0,901687515.0000001,0.0,60112501.0,51.9
641,111,mapreduce,s,0.98,Edge 1,5,DAG_Task,1,1,52.55,52.56,,10.0,,0.0,2.0,,10.0,0.0,1.0,0.0,901687500.0,0.0,0.0,52.56
643,111,mapreduce,1,0.96,Local,5,DAG_Task,0,-1,52.55,52.57,,20.0,0.0,0.0,0.0,20.0,,15.0,0.0,15.0,0.0,1.0,0.0,
645,111,mapreduce,3,0.94,Local,5,DAG_Task,0,-1,52.55,52.58,,30.0,0.0,0.0,0.0,30.0,,15.0,0.0,15.0,0.0,1.0,0.0,
642,111,mapreduce,0,0.94,Edge 1,5,DAG_Task,1,1,52.55,52.58,,30.0,,0.0,10.0,,10.0,10.0,1.0,0.0,901687510.0,0.0,90168751.0,52.58
621,107,matrix,3,-1.0,Edge 1,0,DAG_Task,1,1,50.77,52.59,,1820.0,,0.0,1774.0,,10.0,15.0,1.0,0.0,150000015.0,0.0,10000001.0,52.59
622,107,matrix,4,-1.0,Local,0,DAG_Task,0,-1,50.77,52.6,,1830.0,0.0,0.0,0.0,1830.0,,15.0,0.0,15.0,0.0,1.0,0.0,
623,107,matrix,5,-1.0,Local,0,DAG_Task,0,-1,50.77,52.61,,1840.0,0.0,0.0,0.0,1840.0,,15.0,0.0,15.0,0.0,1.0,0.0,
646,112,mapreduce,s,0.98,Edge 1,2,DAG_Task,1,1,52.64,52.65,,10.0,,0.0,2.0,,10.0,0.0,1.0,0.0,901687500.0,0.0,0.0,52.65
647,112,mapreduce,0,0.94,Edge 1,2,DAG_Task,1,1,52.64,52.67,,30.0,,0.0,10.0,,10.0,10.0,1.0,0.0,901687510.0,0.0,90168751.0,52.67
651,113,matrix,s,0.98,Edge 1,0,DAG_Task,1,1,53.06,53.07,,10.0,,0.0,2.0,,10.0,0.0,1.0,0.0,150000000.0,0.0,0.0,53.07
644,111,mapreduce,2,-0.08,Edge 1,5,DAG_Task,1,1,52.55,53.09,,540.0,,0.0,494.0,,10.0,15.0,1.0,0.0,901687515.0000001,0.0,60112501.0,53.09
652,113,matrix,0,0.94,Edge 1,0,DAG_Task,1,1,53.06,53.09,,30.0,,0.0,10.0,,10.0,10.0,1.0,0.0,150000010.0,0.0,15000001.0,53.09
653,113,matrix,1,0.92,Local,0,DAG_Task,0,-1,53.06,53.1,,40.0,0.0,0.0,0.0,40.0,,15.0,0.0,15.0,0.0,1.0,0.0,
655,113,matrix,3,0.92,Local,0,DAG_Task,0,-1,53.06,53.1,,40.0,0.0,0.0,0.0,40.0,,15.0,0.0,15.0,0.0,1.0,0.0,
656,113,matrix,4,0.9,Local,0,DAG_Task,0,-1,53.06,53.11,,50.0,0.0,0.0,0.0,50.0,,15.0,0.0,15.0,0.0,1.0,0.0,
649,112,mapreduce,2,-0.08,Edge 1,2,DAG_Task,1,1,52.64,53.18,,540.0,,0.0,494.0,,10.0,15.0,1.0,0.0,901687515.0000001,0.0,60112501.0,53.18
654,113,matrix,2,-0.1,Edge 1,0,DAG_Task,1,1,53.06,53.61,,550.0,,0.0,494.0,,10.0,15.0,1.0,0.0,150000015.0,0.0,10000001.0,53.61
657,113,matrix,5,-0.12,Local,0,DAG_Task,0,-1,53.06,53.62,,560.0,0.0,0.0,0.0,560.0,,15.0,0.0,15.0,0.0,1.0,0.0,
648,112,mapreduce,1,-1.0,Edge 0,2,DAG_Task,1,0,52.64,53.64,,1000.0,,0.0,974.0,,10.0,15.0,1.0,0.0,1136812515.0,0.0,75787501.0,53.64
650,112,mapreduce,3,-1.0,Local,2,DAG_Task,0,-1,52.64,53.65,,1010.0,0.0,0.0,0.0,1010.0,,15.0,0.0,15.0,0.0,1.0,0.0,
658,114,lightgbm,s,0.98,Edge 1,2,DAG_Task,1,1,53.83,53.84,,10.0,,0.0,2.0,,10.0,0.0,1.0,0.0,165750000.0,0.0,0.0,53.84
659,114,lightgbm,0,0.94,Edge 1,2,DAG_Task,1,1,53.83,53.86,,30.0,,0.0,10.0,,10.0,10.0,1.0,0.0,165750010.0,0.0,16575001.0,53.86
660,114,lightgbm,1,0.92,Local,2,DAG_Task,0,-1,53.83,53.87,,40.0,0.0,0.0,0.0,40.0,,15.0,0.0,15.0,0.0,1.0,0.0,
663,115,lightgbm,s,0.98,Edge 1,0,DAG_Task,1,1,53.89,53.9,,10.0,,0.0,2.0,,10.0,0.0,1.0,0.0,165750000.0,0.0,0.0,53.9
664,115,lightgbm,0,0.94,Edge 1,0,DAG_Task,1,1,53.89,53.92,,30.0,,0.0,10.0,,10.0,10.0,1.0,0.0,165750010.0,0.0,16575001.0,53.92
665,115,lightgbm,1,0.92,Local,0,DAG_Task,0,-1,53.89,53.93,,40.0,0.0,0.0,0.0,40.0,,15.0,0.0,15.0,0.0,1.0,0.0,
668,116,mapreduce,s,0.98,Edge 1,1,DAG_Task,1,1,53.99,54.0,,10.0,,0.0,2.0,,10.0,0.0,1.0,0.0,901687500.0,0.0,0.0,54.0
670,116,mapreduce,1,0.96,Local,1,DAG_Task,0,-1,53.99,54.01,,20.0,0.0,0.0,0.0,20.0,,15.0,0.0,15.0,0.0,1.0,0.0,
672,116,mapreduce,3,0.94,Local,1,DAG_Task,0,-1,53.99,54.02,,30.0,0.0,0.0,0.0,30.0,,15.0,0.0,15.0,0.0,1.0,0.0,
669,116,mapreduce,0,0.94,Edge 1,1,DAG_Task,1,1,53.99,54.02,,30.0,,0.0,10.0,,10.0,10.0,1.0,0.0,901687510.0,0.0,90168751.0,54.02
661,114,lightgbm,2,-0.08,Edge 1,2,DAG_Task,1,1,53.83,54.37,,540.0,,0.0,494.0,,10.0,15.0,1.0,0.0,165750015.0,0.0,11050001.0,54.37
662,114,lightgbm,3,-0.1,Local,2,DAG_Task,0,-1,53.83,54.38,,550.0,0.0,0.0,0.0,550.0,,15.0,0.0,15.0,0.0,1.0,0.0,
666,115,lightgbm,2,-0.08,Edge 1,0,DAG_Task,1,1,53.89,54.43,,540.0,,0.0,494.0,,10.0,15.0,1.0,0.0,165750015.0,0.0,11050001.0,54.43
667,115,lightgbm,3,-0.1,Local,0,DAG_Task,0,-1,53.89,54.44,,550.0,0.0,0.0,0.0,550.0,,15.0,0.0,15.0,0.0,1.0,0.0,
671,116,mapreduce,2,-0.08,Edge 1,1,DAG_Task,1,1,53.99,54.53,,540.0,,0.0,494.0,,10.0,15.0,1.0,0.0,901687515.0000001,0.0,60112501.0,54.53
673,117,video,s,0.98,Edge 1,0,DAG_Task,1,1,55.02,55.03,,10.0,,0.0,2.0,,10.0,0.0,1.0,0.0,150000000.0,0.0,0.0,55.03
674,117,video,0,0.96,Local,0,DAG_Task,0,-1,55.02,55.04,,20.0,0.0,0.0,0.0,20.0,,10.0,0.0,10.0,0.0,1.0,0.0,
675,117,video,1,0.94,Local,0,DAG_Task,0,-1,55.02,55.05,,30.0,0.0,0.0,0.0,30.0,,15.0,0.0,15.0,0.0,1.0,0.0,
677,117,video,3,0.92,Local,0,DAG_Task,0,-1,55.02,55.06,,40.0,0.0,0.0,0.0,40.0,,15.0,0.0,15.0,0.0,1.0,0.0,
676,117,video,2,-0.06,Edge 0,0,DAG_Task,1,0,55.02,55.55,,530.0,,0.0,494.0,,10.0,15.0,1.0,0.0,150000015.0,0.0,10000001.0,55.55
678,117,video,4,-0.08,Local,0,DAG_Task,0,-1,55.02,55.56,,540.0,0.0,0.0,0.0,540.0,,15.0,0.0,15.0,0.0,1.0,0.0,
679,118,matrix,s,0.98,Edge 1,2,DAG_Task,1,1,55.68,55.69,,10.0,,0.0,2.0,,10.0,0.0,1.0,0.0,150000000.0,0.0,0.0,55.69
680,118,matrix,0,0.94,Edge 1,2,DAG_Task,1,1,55.68,55.71,,30.0,,0.0,10.0,,10.0,10.0,1.0,0.0,150000010.0,0.0,15000001.0,55.71
681,118,matrix,1,0.92,Local,2,DAG_Task,0,-1,55.68,55.72,,40.0,0.0,0.0,0.0,40.0,,15.0,0.0,15.0,0.0,1.0,0.0,
683,118,matrix,3,0.92,Local,2,DAG_Task,0,-1,55.68,55.72,,40.0,0.0,0.0,0.0,40.0,,15.0,0.0,15.0,0.0,1.0,0.0,
686,119,matrix,s,0.98,Edge 1,3,DAG_Task,1,1,55.82,55.83,,10.0,,0.0,2.0,,10.0,0.0,1.0,0.0,150000000.0,0.0,0.0,55.83
687,119,matrix,0,0.94,Edge 1,3,DAG_Task,1,1,55.82,55.85,,30.0,,0.0,10.0,,10.0,10.0,1.0,0.0,150000010.0,0.0,15000001.0,55.85
688,119,matrix,1,0.92,Local,3,DAG_Task,0,-1,55.82,55.86,,40.0,0.0,0.0,0.0,40.0,,15.0,0.0,15.0,0.0,1.0,0.0,
690,119,matrix,3,0.92,Local,3,DAG_Task,0,-1,55.82,55.86,,40.0,0.0,0.0,0.0,40.0,,15.0,0.0,15.0,0.0,1.0,0.0,
691,119,matrix,4,0.9,Local,3,DAG_Task,0,-1,55.82,55.87,,50.0,0.0,0.0,0.0,50.0,,15.0,0.0,15.0,0.0,1.0,0.0,
682,118,matrix,2,-0.1,Edge 1,2,DAG_Task,1,1,55.68,56.23,,550.0,,0.0,494.0,,10.0,15.0,1.0,0.0,150000015.0,0.0,10000001.0,56.23
689,119,matrix,2,-0.1,Edge 0,3,DAG_Task,1,0,55.82,56.37,,550.0,,0.0,494.0,,10.0,15.0,1.0,0.0,150000015.0,0.0,10000001.0,56.37
692,119,matrix,5,-0.12,Local,3,DAG_Task,0,-1,55.82,56.38,,560.0,0.0,0.0,0.0,560.0,,15.0,0.0,15.0,0.0,1.0,0.0,
693,120,matrix,s,0.98,Edge 1,1,DAG_Task,1,1,56.5,56.51,,10.0,,0.0,2.0,,10.0,0.0,1.0,0.0,150000000.0,0.0,0.0,56.51
694,120,matrix,0,0.96,Local,1,DAG_Task,0,-1,56.5,56.52,,20.0,0.0,0.0,0.0,20.0,,10.0,0.0,10.0,0.0,1.0,0.0,
695,120,matrix,1,0.94,Local,1,DAG_Task,0,-1,56.5,56.53,,30.0,0.0,0.0,0.0,30.0,,15.0,0.0,15.0,0.0,1.0,0.0,
697,120,matrix,3,0.94,Local,1,DAG_Task,0,-1,56.5,56.53,,30.0,0.0,0.0,0.0,30.0,,15.0,0.0,15.0,0.0,1.0,0.0,
698,120,matrix,4,0.92,Local,1,DAG_Task,0,-1,56.5,56.54,,40.0,0.0,0.0,0.0,40.0,,15.0,0.0,15.0,0.0,1.0,0.0,
684,118,matrix,4,-1.0,Edge 0,2,DAG_Task,1,0,55.68,56.71,,1030.0,,0.0,974.0,,10.0,15.0,1.0,0.0,150000015.0,0.0,10000001.0,56.71
685,118,matrix,5,-1.0,Local,2,DAG_Task,0,-1,55.68,56.72,,1040.0,0.0,0.0,0.0,1040.0,,15.0,0.0,15.0,0.0,1.0,0.0,
700,121,lightgbm,s,0.98,Edge 1,3,DAG_Task,1,1,56.88,56.89,,10.0,,0.0,2.0,,10.0,0.0,1.0,0.0,165750000.0,0.0,0.0,56.89
701,121,lightgbm,0,0.94,Edge 1,3,DAG_Task,1,1,56.88,56.91,,30.0,,0.0,10.0,,10.0,10.0,1.0,0.0,165750010.0,0.0,16575001.0,56.91
702,121,lightgbm,1,0.92,Local,3,DAG_Task,0,-1,56.88,56.92,,40.0,0.0,0.0,0.0,40.0,,15.0,0.0,15.0,0.0,1.0,0.0,
696,120,matrix,2,-0.08,Edge 0,1,DAG_Task,1,0,56.5,57.04,,540.0,,0.0,494.0,,10.0,15.0,1.0,0.0,150000015.0,0.0,10000001.0,57.04
699,120,matrix,5,-0.1,Local,1,DAG_Task,0,-1,56.5,57.05,,550.0,0.0,0.0,0.0,550.0,,15.0,0.0,15.0,0.0,1.0,0.0,
705,122,lightgbm,s,0.98,Edge 1,4,DAG_Task,1,1,57.15,57.16,,10.0,,0.0,2.0,,10.0,0.0,1.0,0.0,165750000.0,0.0,0.0,57.16
706,122,lightgbm,0,0.94,Edge 1,4,DAG_Task,1,1,57.15,57.18,,30.0,,0.0,10.0,,10.0,10.0,1.0,0.0,165750010.0,0.0,16575001.0,57.18
707,122,lightgbm,1,0.92,Local,4,DAG_Task,0,-1,57.15,57.19,,40.0,0.0,0.0,0.0,40.0,,15.0,0.0,15.0,0.0,1.0,0.0,
703,121,lightgbm,2,-0.08,Edge 1,3,DAG_Task,1,1,56.88,57.42,,540.0,,0.0,494.0,,10.0,15.0,1.0,0.0,165750015.0,0.0,11050001.0,57.42
704,121,lightgbm,3,-0.1,Local,3,DAG_Task,0,-1,56.88,57.43,,550.0,0.0,0.0,0.0,550.0,,15.0,0.0,15.0,0.0,1.0,0.0,
708,122,lightgbm,2,-0.08,Edge 1,4,DAG_Task,1,1,57.15,57.69,,540.0,,0.0,494.0,,10.0,15.0,1.0,0.0,165750015.0,0.0,11050001.0,57.69
709,122,lightgbm,3,-0.1,Local,4,DAG_Task,0,-1,57.15,57.7,,550.0,0.0,0.0,0.0,550.0,,15.0,0.0,15.0,0.0,1.0,0.0,
710,123,mapreduce,s,0.98,Edge 1,5,DAG_Task,1,1,57.89,57.9,,10.0,,0.0,2.0,,10.0,0.0,1.0,0.0,901687500.0,0.0,0.0,57.9
712,123,mapreduce,1,0.96,Local,5,DAG_Task,0,-1,57.89,57.91,,20.0,0.0,0.0,0.0,20.0,,15.0,0.0,15.0,0.0,1.0,0.0,
714,123,mapreduce,3,0.94,Local,5,DAG_Task,0,-1,57.89,57.92,,30.0,0.0,0.0,0.0,30.0,,15.0,0.0,15.0,0.0,1.0,0.0,
711,123,mapreduce,0,0.94,Edge 1,5,DAG_Task,1,1,57.89,57.92,,30.0,,0.0,10.0,,10.0,10.0,1.0,0.0,901687510.0,0.0,90168751.0,57.92
713,123,mapreduce,2,-0.08,Edge 1,5,DAG_Task,1,1,57.89,58.43,,540.0,,0.0,494.0,,10.0,15.0,1.0,0.0,901687515.0000001,0.0,60112501.0,58.43
715,124,video,s,0.98,Edge 1,2,DAG_Task,1,1,58.42,58.43,,10.0,,0.0,2.0,,10.0,0.0,1.0,0.0,150000000.0,0.0,0.0,58.43
716,124,video,0,0.94,Edge 1,2,DAG_Task,1,1,58.42,58.45,,30.0,,0.0,10.0,,10.0,10.0,1.0,0.0,150000010.0,0.0,15000001.0,58.45
717,124,video,1,0.92,Local,2,DAG_Task,0,-1,58.42,58.46,,40.0,0.0,0.0,0.0,40.0,,15.0,0.0,15.0,0.0,1.0,0.0,
719,124,video,3,0.9,Local,2,DAG_Task,0,-1,58.42,58.47,,50.0,0.0,0.0,0.0,50.0,,15.0,0.0,15.0,0.0,1.0,0.0,
721,125,matrix,s,0.98,Edge 1,2,DAG_Task,1,1,58.66,58.67,,10.0,,0.0,2.0,,10.0,0.0,1.0,0.0,150000000.0,0.0,0.0,58.67
722,125,matrix,0,0.94,Edge 1,2,DAG_Task,1,1,58.66,58.69,,30.0,,0.0,10.0,,10.0,10.0,1.0,0.0,150000010.0,0.0,15000001.0,58.69
723,125,matrix,1,0.92,Local,2,DAG_Task,0,-1,58.66,58.7,,40.0,0.0,0.0,0.0,40.0,,15.0,0.0,15.0,0.0,1.0,0.0,
725,125,matrix,3,0.92,Local,2,DAG_Task,0,-1,58.66,58.7,,40.0,0.0,0.0,0.0,40.0,,15.0,0.0,15.0,0.0,1.0,0.0,
726,125,matrix,4,0.9,Local,2,DAG_Task,0,-1,58.66,58.71,,50.0,0.0,0.0,0.0,50.0,,15.0,0.0,15.0,0.0,1.0,0.0,
718,124,video,2,-0.08,Edge 1,2,DAG_Task,1,1,58.42,58.96,,540.0,,0.0,494.0,,10.0,15.0,1.0,0.0,150000015.0,0.0,10000001.0,58.96
720,124,video,4,-0.1,Local,2,DAG_Task,0,-1,58.42,58.97,,550.0,0.0,0.0,0.0,550.0,,15.0,0.0,15.0,0.0,1.0,0.0,
724,125,matrix,2,-0.1,Edge 1,2,DAG_Task,1,1,58.66,59.21,,550.0,,0.0,494.0,,10.0,15.0,1.0,0.0,150000015.0,0.0,10000001.0,59.21
727,125,matrix,5,-0.12,Local,2,DAG_Task,0,-1,58.66,59.22,,560.0,0.0,0.0,0.0,560.0,,15.0,0.0,15.0,0.0,1.0,0.0,
728,126,lightgbm,s,0.98,Edge 1,3,DAG_Task,1,1,59.72,59.73,,10.0,,0.0,2.0,,10.0,0.0,1.0,0.0,165750000.0,0.0,0.0,59.73
729,126,lightgbm,0,0.96,Local,3,DAG_Task,0,-1,59.72,59.74,,20.0,0.0,0.0,0.0,20.0,,10.0,0.0,10.0,0.0,1.0,0.0,
730,126,lightgbm,1,0.94,Local,3,DAG_Task,0,-1,59.72,59.75,,30.0,0.0,0.0,0.0,30.0,,15.0,0.0,15.0,0.0,1.0,0.0,
733,127,matrix,s,0.98,Edge 1,5,DAG_Task,1,1,59.84,59.85,,10.0,,0.0,2.0,,10.0,0.0,1.0,0.0,150000000.0,0.0,0.0,59.85
734,127,matrix,0,0.94,Edge 1,5,DAG_Task,1,1,59.84,59.87,,30.0,,0.0,10.0,,10.0,10.0,1.0,0.0,150000010.0,0.0,15000001.0,59.87
735,127,matrix,1,0.92,Local,5,DAG_Task,0,-1,59.84,59.88,,40.0,0.0,0.0,0.0,40.0,,15.0,0.0,15.0,0.0,1.0,0.0,
737,127,matrix,3,0.92,Local,5,DAG_Task,0,-1,59.84,59.88,,40.0,0.0,0.0,0.0,40.0,,15.0,0.0,15.0,0.0,1.0,0.0,
738,127,matrix,4,0.9,Local,5,DAG_Task,0,-1,59.84,59.89,,50.0,0.0,0.0,0.0,50.0,,15.0,0.0,15.0,0.0,1.0,0.0,
